year,id,serial_number,title,submission_type,primary_category,secondary_category,confidence,reasoning,abstract
2023,554191,71,Helping Support Reproducibility in Research: An introduction to Containers for RSEs,Workshop,Software,N/A,High,Workshop on Docker and Singularity/Apptainer containers - cross-cutting tools for reproducibility applicable across research domains.,"Containers provide a way to wrap up a piece of software along with its dependencies and configuration in a portable “unit” known as an image or container image. Container-like technologies have been routinely used to support deployment of software in an enterprise environment for a long time and are now gaining significant traction in the research software community due to advantages in ease of deployment, portability, shareability and reproducibility. This workshop will introduce the concepts behind two widely used container platforms - Docker and Singularity/Apptainer. It will demonstrate, with practical examples that attendees can follow along with, how to containerise software using these tools and discuss why you may need to use different containerisation technologies in different contexts. This will lead on to building more complex containers, how to interact with them, and how to run them on both local and remote compute facilities – including containerising parallel software for use on HPC facilities. Finally, we will discuss how containers can enable reproducibility in a research setting - both in terms of software and data."
2023,554193,72,Designing machine learning experiments using SLURM within a Cloud Trusted Research Environment,Poster & Lightning Talk,Software,Research,Medium,"This talk is about using SLURM/HPC within Trusted Research Environments for ML experiments. While motivated by healthcare data, the focus is on general infrastructure patterns (SLURM, cloud HPC, batch processing) applicable across TRE users, making it cross-cutting software/infrastructure guidance.","Trusted Research Environments (TRE) are secure platforms which enable researchers to access and analyse personal data within the ‘Five Safes’ framework. TREs have been in use for many years to enable the safe use of sensitive data in research yet are not fully capable of supporting researcher needs including big data and high computational demands for machine learning (ML) workloads. Researchers are increasingly applying a range of machine learning (ML) algorithms on de-identified personal datasets derived from healthcare (for example: electronic health records, routinely collected medical scans and diagnosis information). TREs are looking to deploy on-demand high-performance computing (HPC) environments using third-party cloud computing providers that enable batch processing pipelines such as SLURM (Simple Linux Utility for Resource Management). Slurm is a open source, scalable scheduling tool for HPC environments which can be used to launch and monitor jobs on assigned nodes. This ‘on-demand’ approach allows for cost optimisation of the TRE resources in comparison to the ‘always on’ physical computing environment. Also, each researcher can be provisioned their own HPC environment, providing full data and network isolation from other projects, and able to grow dynamically depending on compute requirements.
This poster discusses how ML experiments can be freshly designed (or retrofitted) using SLURM within restrictive TRE platform. It provides examples of optimised approaches to implement the different steps of a standard ML experiment using batch processing whilst using secure, shared data storage. It will highlight how the training runtimes can be drastically reduced by adopting some of these measures."
2023,554210,74,Benchmarking for the exascale,Talk,Software,Community,High,"This is about a general-purpose benchmarking framework for HPC systems, cross-cutting across domains, with a community-of-practice element.","Benchmarking has always been a crucial activity for HPC. Being able to systematically assess the performance of important algorithms on different HPC machines is needed for planning the next steps in algorithm development, evaluating available and upcoming hardware technologies, and procuring new HPC systems with confidence. The benchmarking process though has been somewhat of a dark art, usually involving convoluted, machine-dependent scripts and configurations that only the few can run, re-run, and reproduce their results. The situation is only becoming worse with the advent of the quest for exascale, with the available hardware technologies becoming more heterogeneous.
We will present how our project, which is part of the ExCALIBUR program, is set to address the problem of automation and reproducibility in benchmarking by creating an Open Source, user-friendly, automated framework based on Spack and ReFrame, for building and running benchmarks and collecting and visualising their results. This framework includes a still-growing suite of benchmark codes, as well as configurations to run them on popular HPC systems. It will also facilitate performance portability studies of codes across those different platforms. 
As part of this project, we also aim to create a community of practice for benchmarking, which spans across ExCALIBUR, DiRAC, and other HPC developers and providers in the UK. We will show how we are making benchmarking straightforward for all by advertising our work in various fora, mailing lists and events, running training workshops, and inviting and collaborating with application and benchmark developers to add their benchmarks to our suite."
2023,551861,54,Shaping the Landscape: The Emerging Research Software Engineering Community in Asia,Poster & Lightning Talk,Community,N/A,High,"This talk is about building and growing the RSE community in Asia, including community management roles and cross-regional collaboration — clearly about people and the profession.","Over the past year (2022), there has been a significant evolution in the research software engineering (RSEng) community in Asia. Notably, the successful organisation of the first-ever online unconference that brought together the RSEng communities in Asia and Australia, fostering collaboration and knowledge exchange. The establishment of a formal Community Manager position for Asia at the Research Software Alliance has also been a crucial step in advancing the RSEng community's growth and influence in Asia. As part of my own efforts to promote the RSEng community in Asia, I have been advocating for greater recognition of RSEng at relevant platforms such as the Asia Pacific Advanced Network. Through such initiatives, I hope to continue expanding the RSEng community's reach and impact, enabling greater collaboration and innovation, and encouraging individuals or groups who are interested in growing a RSEng community in their respective regions, institutions, or organisations."
2023,554286,77,The Journal of Open Source Software,Poster & Lightning Talk,Community,N/A,High,"JOSS is a profession-wide platform for recognising RSE contributions to research software, focused on careers/recognition rather than a specific tool or domain.","The Journal of Open Source Software (JOSS; https://joss.theoj.org) publishes short articles describing open source research software. The review process, however, is open, iterative and includes the software itself, thereby encouraging good software practice. It has also published articles co-authored by RSEs and is potentially an interesting avenue through which to recognise RSE contributions to research software in formal research literature. The poster aims to improve RSE's awareness of JOSS for their research software projects and encourage them to engage with platforms like JOSS as authors, reviewers or even editors."
2023,554309,79,Experiences from teaching basic RSE skills with CodeRefinery,Talk,Community,Software,High,"This is about teaching RSE skills and training methodology through CodeRefinery, focused on profession-wide training initiatives and community education.","CodeRefinery is a project funded by Nordic e-infrastructure collaboration (NeiC) supporting students and researchers across all research fields by teaching FAIR research software and development and basic Research Software Engineering practices. The initiative has successfully held interactive hands-on online and free workshops for over 300 registrants at a time. The workshops combine livestream, co-teaching, parallelized and threaded questions and answers as well as parallel connected in-person events. Switching from the traditional online teaching strategy required adjusting to alternative technologies and mindset. This contribution aims at sharing our current teaching strategy as well as our lessons learned from developing our workshop style and open lesson materials over the years."
2023,553847,64,Trusted Research Environments: Stakeholder-centered design for the future of working with sensitive data,Workshop,Software,Community,Medium,"This workshop centers on Trusted Research Environments as cross-cutting infrastructure for working with sensitive data, applicable across multiple domains. It focuses on the Data Safe Haven tool while also engaging stakeholder/community concerns.","Research with sensitive data is critical for progress in domains including healthcare, education and economics. There is global acknowledgement of the need for such research to take place, but also the importance of keeping any sensitive data as secure as possible.
Research teams have made progress on this issue through the advent of Trusted Research Environments (TREs) — computing environments designed to keep sensitive data secure. 
These environments not only need to be safe; they also need to be productive for research and trusted by all stakeholders, including:

Data subjects, whose data is being analysed inside a TRE

Researchers, who are working with sensitive data inside a TRE

Project leads/managers, who are ultimately responsible for ensuring research is carried out safely, responsibly and productively
This workshop will be an open space for participants to explore how best to provide safe and productive TREs for all stakeholders. After introducing participants to TREs, and the Alan Turing Institute’s open-source Data Safe Haven project, we’ll split participants into discussion groups. We will explore how the different stakeholders above interact with TREs, covering questions like:

What does good look like? What does bad look like?

What would you want to know about before a TRE is used?

What concerns you about TREs?
Exploring different stakeholders interactions with TREs will provide participants with a holistic picture of the TRE landscape. Additionally, outputs from the discussion groups will shape the ongoing development of the Alan Turing Institute Data Safe Haven."
2023,554324,80,woRking in the public SEctor,Panel,Community,N/A,High,"This panel is about RSE careers and the profession across public sector organisations, focused on people and career paths rather than a specific tool or research domain.","Research Software Engineering is often associated with academic institutions, however there are a variety of RSE-type careers in other sectors of working life. In this panel session we aim to: raise awareness of different career opportunities that exist for people with RSE skill-sets in the public sector (even if the role isn’t explicitly called RSE); explore differences between organisations and how RSE-type roles operate; and highlight different challenges that may be faced when compared to more traditional RSE sectors."
2023,554325,81,Research Software Engineering in the Arts and Humanities (RSE AH) Community Interest Group of the UK-IE Digital Humanities Association,Panel,Community,N/A,High,"This is about building a community interest group for RSEs in Arts and Humanities — focused on people, profession, networking, and community formation, not a specific tool or research project.","This audience-led panel will bring together a wide range of RSEs and allies working in and around the Arts and Humanities. Join like-minded individuals in this exciting new ground-up community. You will make new contacts in this growing discipline, have the opportunity to formally join the community and take your ideas forward. Come and share your experiences, explore what it means to work in these areas, and collaboratively define where the community is going. Could this event be a catalyst for your career?

The Research Software Engineering in the Arts and Humanities (RSE AH) is a Community interest group (CIG) of the newly established UK-IE Digital Humanities Association. This CIG aims to offer a forum for the Research Software Engineering community working and collaborating in Arts and Humanities across UK and Ireland for focused discussion, expertise and knowledge exchange, action, advocacy and policy making towards the development of AH RSE capability. Read more: https://digitalhumanities-uk-ie.org/community-interest-groups/research-software-engineering/

The RSE AH Community Interest Group aims to create an inclusive, collaborative, and safe space and is open to anyone involved or interested in the Research Software Engineering community in the Arts and Humanities, broadly conceived. We welcome everyone from digital humanities researchers, software developers, full-stack, back- and front-end engineers, to UX/UI designers, analysts, product/project managers, systems administrators, infrastructure managers and anyone in technology or informational professional roles."
2023,554378,82,Standardising the Process of Disease Definitions (Phenotyping) to Share and Reuse in Epidemiological Studies,Talk,Research,Software,High,"This is about a domain-specific resource (HDR UK Phenotype Library) for epidemiology/healthcare research, with an API and R package built to support epidemiological studies. It's clearly tied to a specific research domain (healthcare/epidemiology).","Defining a disease (phenotyping) is critical in extracting a cohort of patients for epidemiological studies. Various methods ­­­— such as clinical code lists (for clinically coded data), rule-based algorithms, machine learning methods, and natural language processing techniques (which use free text data) — to define a cohort of patients from the routinely collected electronic healthcare records (EHRs) are applied. They are often shared as supplementary material to publications or on GitHub repositories. This is an inefficient system and recently separate phenotype resources have been developed worldwide to host clinical code lists and rule-based algorithms. Still, the user must download definitions for reusing them in their analysis and make changes to adopt variations in representations to scale analysis across conditions and healthcare settings. There was a need for standardised definitions and representations to support reproducibility across conditions and in different healthcare settings. Examining existing resources and user requirements, we devised desiderata for developing next-generation phenotyping resources. The results are the Health Data Research (HDR) UK Phenotype Library created by following the desiderata to make phenotype definitions FAIR (Findability, Accessibility, Interoperability and Reusability). In parallel, an open-source application programming interface (API) and client R package were developed to directly enable the use of definitions programmatically. Using standardised definitions from the phenotype library resulted in the development of an informatics tool enabling epidemiological studies for more than 100 disease conditions."
2023,554453,83,"OCEANUM.LIVE: an open source, scalable, real-time, and unified meteocean data system for South Atlantic",Poster & Lightning Talk,Research,Software,High,"This is a domain-specific platform for meteocean (meteorological/ocean) data in the South Atlantic, purpose-built for weather/ocean forecasting research and operations.","Forecast of weather and ocean conditions are carried out through the application of computational numerical models. However, the results of these models are only reliable when they are confronted with metocean data collected and available in real-time.
For regions of the South Atlantic, most real-time data collection are not available in real-time for international and specialized databases, like the Global Telecommunication System (GTS). In this way, the official weather forecast centre at sea for the South Atlantic, called Brazil Marine Meteorological Service (SMM), does not have access to this information and cannot use it to improve their forecast models and bulletins.

In order to help solve this problem, an open source platform called OCEANUM.LIVE (www.oceanum.live) was developed. Its objective is to represent an open-source, scalable, and low-maintenance real-time and unified metocean data system for the South Atlantic. The system is based on five steps:
- a data mining system to obtain data through different locations;
- a data processing system that converts data to international standards, and applies quality control codes to the data, using an open source library developed especially for this project;
- a geospatial relational database for data storage;
- an API to allow researchers and forecasting centres to access data;
- a web app for data visualization.

This platform is already used by SMM to support its forecasts. This poster will outline the tools used for this system, as well as the challenges to getting collaborators for it in Brazil."
2023,554478,86,RSEs as Researchers: A case study in Health Data,Talk,Community,Research,Medium,"This talk centers on RSEs as researchers/PIs as a profession-shaping practice, sharing lessons about RSE careers and funding journeys, though grounded in a Health Data case study.","What if RSEs were also PIs and Co-Is, doing ‘research of the infrastructure’ alongside ‘research infrastructure’? What if there were real-world examples of this to study? Look no further!
In this talk, I will take the audience through the history of a set of interconnected tools and systems which our team, in collaboration with other institutions and industry, have built over the last 5 years in the field of Health Data. I will draw out key lessons and reflections from our experiences of carrying out our own funded research as an RSE group, leveraging larger grants from the success of smaller, and building collaborations across countries. We will reflect upon the successes, challenges and failures so far, and the unsolved challenges, large and small, that lie ahead. This is all with the aim that you can learn from our experience and perhaps be inspired to begin your own RSE-as-researcher journey.
By the end of the talk, you will know what we really wish we’d known when we started out, and how we’ve even convinced a company to open-source their APIs and let us produce a open-source version of their software…"
2023,554502,87,Finite element analysis: opportunity for functional programming and parallelisation,Talk,Software,Research,Medium,"This talk discusses applying functional programming paradigms (Haskell, Scala) to finite element analysis code, focusing on programming approach and parallelisation. FEM is a general numerical method used across many domains, and the focus is on programming techniques/paradigms rather than a specific scientific question.","In numerical computing, the finite element method (FEM) has been widely developed and applied. From module-based legacy code in Fortran to object-oriented framework in C++, FEM code has been extensively refactored to make use of modern hardware and invite contributions from the scientific community. Furthermore, packages in Matlab and Python have appeared in textbooks and courses for practitioners. Despite these evolutions, less attention has been paid to the functional programming approach, where programs are constructed by “applying and composing functions”. This paradigm has the advantages of code correctness and more straightforward parallelisation.

Functional programming for FEM code had been implemented by research groups in the UK and Ireland, e.g. Swansea University, Imperial College London, and University College Cork. Here, we are using the same mathematical principles to develop code in Haskell with an attempt to assess the correctness of the program. We also implement the code in Scala and explore the advantages in using parallel collection and assess its efficiency for the cases involving a large number of elements."
2023,554089,70,Charting a course for success: Implementing a new strategy for the RSE Australia New Zealand community,Talk,Community,N/A,High,"This talk is about the RSE Australia New Zealand community's strategy and governance, focused on the profession and community-building.","** APOLOGIES: THIS TALK WILL NOT TAKE PLACE ***
Apologies, but the speaker is unable to make it to present live today as part of the conference. However, she will make a recording of her talk later and we will make this available with the other talk recordings from the conference.
** APOLOGIES: THIS TALK WILL NOT TAKE PLACE ***
Over the last 6 years, the RSE community has grown rapidly in New Zealand and Australia. The RSE AUNZ steering committee was formally established in 2018 to support RSEs in New Zealand and Australia by raising awareness, advocating for RSEs and providing RSEs opportunities to connect through events, talks, and shared knowledge.
The committee has been working to provide opportunities to raise awareness of RSE at major events in the region, such as eResearch Australasia and eResearch New Zealand, doing outreach activities like presenting talks to grow the community, and planning next steps. While these efforts were what the community needed in its nascent stage, the community has evolved into a group of over 400 individuals and a renewed approach was needed.
This evolution has created limitations which include: 

Finite resources against growing needs

Competing priorities to progress goals

Lack of actionable key results for the high level goals

Documentation of the strategy to the community members and sector leaders

Difficulty in replacing outgoing steering committee members
Over the last year, while adapting to post pandemic life, the committee recognised an opportunity to address these limitations and pivot to an approach that could help serve our growing community better. The committee has worked on co-designing a strategy with the community which clearly defines goals and key results for the upcoming years. This strategy document received positive community feedback and it is publicly available via Figshare https://doi.org/10.6084/m9.figshare.21385392.v1. We will talk through the process involved in co-designing this strategy with the community."
2023,536556,2,Colouring Cities: From Prototype to Platform (with a little help from GitHub),Talk,Research,Software,Medium,"The talk centers on a specific domain project (urban building stock data platform for cities), making it Research, but much of the content focuses on general GitHub features and software engineering practices for managing a large project, which is Software.","The Colouring Cities Research Programme aims to develop open-source tools to facilitate knowledge and data sharing on national building stocks. It began with a prototype, Colouring London, and grew into an international collaboration, including cities such as Athens, Dresden, Bogotá and Jakarta. The aim is to create an open data platform that can be used for governance, planning and research, as well as tools to filter and explore the data (by ‘colouring’ buildings in different ways on an interactive map of the city).
When I joined the Project as an RSE, my responsibility was to oversee the transition from the Colouring London prototype to the new Core Platform, which was intended to facilitate easier and better collaboration between the various Colouring Cities projects. We also began to expand beyond a single city to the rest of the UK.
This transition was not without its challenges. Fortunately, my predecessors had made good use of GitHub, and encouraged the PIs to use it too. By using various GitHub features, we were able to manage this evolution and expansion of the project. This was my first experience using Git on such a large-scale project. I've learned a lot about various features of Organisations and Repositories, as well as features such as Issues, Projects, Discussions, Actions, Teams and more. 
In this talk, I will discuss some of these GitHub features, what it was like to use them, and how they enabled us to make this critical transition from the Prototype to Platform."
2023,554289,78,From prototype to production: developing a workflow for near-real time storm forecasting in Africa,Poster & Lightning Talk,Research,Software,High,"This is about productionizing domain-specific meteorological/storm forecasting software for Africa. The software is purpose-built for a specific scientific domain (meteorology), making it Research, with Software practices (workflow, scalability, monitoring) as secondary.","Access to near real-time weather information is vital for decision-making, particularly in Africa, where unpredictability of weather patterns reduces confidence in longer-range forecasts.

FASTA (Forecasting AFrican STorms Application) aims to use satellite data to provide reliable information about storm rainfall in near real-time to enhance weather forecasts, help populations prepare for severe weather, and inform government and business decision-making.

Meteorological scientists at the University of Leeds developed prototype code to combine observational and nowcasting data produced by EUMETSAT NWCSAF software to identify rainfall and storm activity in a form that can be stored, retrieved and transferred efficiently and visualised in a mobile application front end or accessed via a web API.

This poster will explore the challenges encountered in translating the original research code into a robust and maintainable backend for the FASTA nowcasting mobile application and API, which make nowcasting products available for public consumption for the first time for most of Africa. In addition to setting up a processing workflow with minimal latency, these included technical considerations such as scalability, system monitoring and failover procedures."
2023,553695,58,Automating Data Flows in the Era of Big Data with Dpypeline,Poster & Lightning Talk,Software,N/A,High,"Dpypeline is a general-purpose, customisable software for building data pipelines, applicable across domains, not tied to a specific research discipline.","In the era of big data, it is all the more necessary to implement robust practices to share and release data. As open science becomes gradually recognised as the way forward towards transparent and reproducible science, it is paramount to ensure that researchers have tools available to effectively transfer, transform, and analyse different datasets without sacrificing the time required for their scientific endeavours. As a step towards unified approaches to data processing and sharing, we present dpypeline, a software that allows building bespoke data pipelines to ease data processing. Dpypeline is a general, customisable, and extendable software that can automate the extraction, transformation, and updating of datasets. It aims to provide users with the flexibility necessary to build tailored data pipelines that meet the requirements of their applications. Dpypeline is written in Python and exposes a Python API and a command-line interface. The software core is designed using an extract-transform-load pattern, and current features include monitoring of triggering filesystem events, parallel streamlining of datasets, among other built-in methods that leverage the power of libraries such as Dask, Xarray, and Zarr. By automating data flows, this software can impact the availability of scientific data for analysis and reproducibility assessment."
2023,548496,30,An infrastructure as code template for data processing workflows on AWS ,Talk,Software,N/A,High,"A general-purpose IaC template for data processing pipelines on AWS, applicable across research domains—a cross-cutting tool/technique for RSEs.","To support spin-outs working with the UCL Centre for Digital Innovation as well as computationally intensive research projects, an open-source backend template has been built to encapsulate a generic data processing pattern. The data processing pattern, seen across research and industry use-cases, involves the ability to upload data, trigger a containerised processing pipeline, produce outputs and present the findings. The developed infrastructure that enables this processing pipeline leverages AWS services using best practice set out in the AWS Well Architect framework, drawing upon the modern serverless paradigm which ensures an efficient implementation from a cost and computational perspective. The template is developed in Terraform which is an open-source Infrastructure as Code (IaC) framework, and the codebase is modularised. The modularisation of the code allows for easy customisation by an end-user. This framework also allows for the easy translation of research into commercial applications. An overview on the AWS services used, lessons learned using Terraform and real use-cases will be presented."
2023,553812,61,I'm not paid to do that! 5 ways to have outsided impact through your work,Talk,Community,N/A,High,"This talk focuses on RSE professional impact, career development, and raising the profile of research software engineering — squarely about people and the profession.","Are you tired of hearing that you need to do outreach, teach, or engage in other activities that seem impossible to fit into your already busy schedule? The good news is that you don't have to sacrifice your day-to-day work to have a real impact. In this talk, we'll explore five practical ways to make a difference through your job. From embracing open science to driving ecosystem change, we'll share real-world examples of what has worked (and what hasn't) to make scientific software more impactful. Join us to discover how you can have a meaningful impact through your work and help raise the profile of research software engineering."
2023,550131,53,"Designing complex, reusable and scalable scientific workflows with Pydra",Walkthrough,Software,N/A,High,"Pydra is a general-purpose dataflow engine for scientific workflows, applicable across domains (despite neuroimaging origins). It's a cross-cutting tool for building reusable workflows.","Designing scientific workflows is a challenging endeavour. They require composing multiple algorithms with different authorship, distribution channels (CLI, package, container) and necessary runtimes (Python, MATLAB). Such heterogeneity typically leads to semi-manual implementation, where scientists are expected to manage input and output files or interact with partial results. This is often time consuming, error-prone and makes experiments difficult to reproduce without adequate documentation or additional tooling.
This is the motivation behind `Pydra` — a general-purpose dataflow engine written in Python — designed with simplicity, reproducibility and scalability in mind. Born from a decade of experience building neuroimaging workflows with `Nipype` [1], `Pydra` provides flexible task semantics to facilitate composition of Python functions, shell commands and container processes. The resulting workflows also benefit from support for distributed execution, global caching and provenance tracking.
This walkthrough demonstrates how `Pydra` empowers the scientific community to build fully-automated, reusable and scalable workflows. First, the core components of `Pydra` [2] are introduced through simple task definitions in pure Python. More complex workflows are then showcased, with a mix of Python functions and shell command tasks, map-reduce semantics, and nested workflows. It concludes with advanced execution strategies and workflow customisation, including distributed computation, caching and container-based execution.
[1] Gorgolewski, Krzysztof, et al. ""Nipype: a flexible, lightweight and extensible neuroimaging data processing framework in python."" Frontiers in neuroinformatics (2011): 13.
[2] Jarecka, Dorota, et al. ""Pydra - a flexible and lightweight dataflow engine for scientific analyses."" Proceedings of the 19th python in science conference. Vol. 132. 2020."
2023,554206,73,"Research, Software Engineering  Data Science for Social Good with DataKind: Lessons from the frontline",Talk,Community,Research,Medium,"This talk is about volunteering RSE/data science skills with charities for social good — a profession/community-facing initiative, with a case study illustrating impact. It's about people applying skills cross-domain rather than a specific scientific domain or general-purpose tool.","DataKind UK are a charity that connects researchers, software engineers and data scientists from academia and industry with social change organisations like charities, letting them volunteer their time to research how the data an organisation holds can be used to transform their impact. This includes long-term engagement in DataCorps projects, as well as weekend-long DataDive hackathons. Volunteers search for patterns, and build pipelines and platforms to help answer questions the partners have. Volunteers can achieve serious real-world impact in a short time by applying their research and software engineering skills in a field with both a serious lack of, and need for, them.

In this talk, we will present an example of the lessons we’ve learned and the impact we’ve had from working with UK non-profits for 10 years. We will focus on one project in particular, working with a food bank to predict dependence on their services. The food bank struggled with how to best support people that came back 5 or 10 times to get food packages. These individuals weren't getting the support they needed from other services, and their problems weren't going away. The food bank had one support worker on hand to provide extra support - but they didn't know how to prioritise this support among the many people who came to the food bank daily. We helped with this, to ensure that those most in need got support the fastest. That might not sound like much - but for a small charity, that's big news!"
2023,554241,75,CaRROT-CDM: An Open-Source Tool for Transforming Data for Federated Discovery in Health Research ,Poster & Lightning Talk,Research,Software,High,"Tool purpose-built for health research data transformation to OMOP standard, serving a specific domain (health/medical research).","Introduction 
Health Data are collected or repurposed for research in many organisations across the UK. These data are held in many formats and at many scales. Such data can contain information on biometric measurements, medical conditions, medical procedures, demographics, and prescribed medications with several coding systems in use. For GDPR compliance, data are stored securely and de-identified prior to use in research making sharing and standardisation more difficult.
The Observational Health Data Sciences and Informatics (OHDSI) program’s Observational Medical Outcomes Partnership (OMOP) Common Data Model (CDM) provides standard data objects and coding for health data.  
CaRROT-CDM 
Open-Source tools were developed to define mappings and transform data from numerous disparate organisations (the Data Partners) to the OMOP standard to allow federated data queries via the Health Data Research UK (HDR-UK) gateway. These tools are CaRROT-Mapper and CaRROT-CDM, with the latter being the focus here. 
CaRROT-CDM takes mapping information from the CaRROT-Mapper and source data as input. It produces OMOP CDM format data as output. The tool was designed to run in Data Partners’ compute environments, reducing the governance burden for transforming data to the common standard. Sensitive, identifiable data are never seen by the development team. 
Conclusions and Current Work 
The CaRROT-CDM tool is in use at Data Partner sites and has transformed over 20 COVID-19 and Pain data sets, so far, which are available for aggregated query via the HDR UK innovation gateway.
Current work is focussed on re-engineering and testing the software for scaling to population-level health data."
2023,554272,76,Collaborating on the Cloud: Creating an Organ Quality Scoring Tool,Talk,Research,Software,Medium,"This talk centers on a domain-specific tool for organ transplantation assessment, built for clinical/medical use with NHS data, though it discusses cloud infrastructure practices.","Organ Quality Assessment is a cross-disciplinary project that aims to develop machine learning solutions to support transplant surgeons to assess the viability of organs for transplantation. The project will result in a web based tool which includes training data generation and near real time organ quality scoring. This talk will present the project background before exploring the cloud infrastructure used in detail. 
This project has involved our RSE team setting up Jupyter notebooks on the cloud to provide academic collaborators access to sensitive NHS data, which is restricted in where it can be stored and used. This allows both our RSEs and our research collaborators to interact with the controlled data in order to train and test machine learning algorithms. We will also discuss how rigorous audit trails and access policies were employed to meet regulatory and commercial requirements. 
We will outline lessons learned from combining web development, dev ops and machine learning in one project with both academic and clinical collaborators, as well as having to find solutions to working with restricted, sensitive data."
2023,554512,88,Tending the research software ecosystem garden: increasing interoperability  accessibility of diverse software packages and guiding users towards best practices via RSE-developed platforms,Talk,Research,Software,Medium,"The talk centers on QuantumBox, a platform built for crystallography, but the presenters explicitly frame it as illustrating transferable RSE approaches for integrating diverse software packages. It's a domain-specific tool with cross-cutting lessons.","Due to the ever-increasing adoption of computer simulations in academic research, many research fields have sprouted diverse ecosystems of software packages. While these often implement advanced computational approaches, their use case and area of application can be fairly specific, making it desirable to combine several tools in a computational pipeline. 
However, the software dependencies of applications can be complex and sometimes mutually incompatible. They may also use bespoke, non-standard data formats or require advanced domain knowledge for their use. 
These aspects can pose significant challenges to a user's ability to employ these tools in their research, exchange data between different pieces of software and stitch them together in a coherent workflow. The researcher carries the additional burden of recording data provenance and ensuring reproducibility, either manually or via bespoke scripts and tools. 
As research software engineers, we have the opportunity to develop tools and platforms that provide the missing ""glue"" between different pieces of research software. Using the example of the emerging crystallographic platform ""QuantumBox"", we illustrate how research software engineering approaches can bring together a variety of highly disparate software packages, make them easier to access and use for inexperienced users and help users adopt best practices regarding data management and provenance tracking. While Quantum Box's area of application is in crystallography, the approaches and lessons learned are highly transferable to other fields. 
We present and discuss our approach and experience so far regarding design principles and software architecture, as well as the important aspect of community engagement."
2023,554514,89,TUG-RSE: Pulling Students into Research Software Engineering,Talk,Community,N/A,High,"This session focuses on lowering entry barriers into the RSE profession for students, discussing community welcomeness and introducing a guide for undergraduates—clearly about people and the profession.","Research Software engineering can often present a high entry barrier, especially for newcomers. Despite community efforts to create more entry-level positions, many individuals, especially students, still lack the required skill set or awareness of the field.

This session aims to delve deep into this issue and propose potential solutions to make the RSE community more welcoming. It would also introduce “‘The Undergraduate's Guide To Research Software Engineering’ (TUG-RSE)”, a project aimed to address this very challenge.

This session welcomes RSEs at all career stages and anyone with a keen interest in research software. The goal is to facilitate an open dialogue, while gathering valuable audience feedback and suggestions."
2023,548482,29,FAIRsharing Assistant - The FAIRsharing wizard,Poster & Lightning Talk,Software,Community,Medium,"FAIRsharing is a cross-cutting, profession-wide infrastructure for FAIR data discovery, serving researchers and RSEs across all disciplines. It's a tool but its purpose is community/policy infrastructure (FAIR principles, data stewardship).","Announcing the FAIRsharing Assistant, a new component of FAIRsharing designed to guide the research data community towards a customised set of databases, standards and policies relevant to them, and to help enable FAIR data.
FAIRsharing is a curated, informative and educational resource on data and metadata standards, inter-related to databases and data policies, across all disciplines. FAIRsharing guides consumers to discover, select and use these resources with confidence, and producers to make their resource more discoverable, more widely adopted and cited.

FAIRsharing promotes the FAIR (Findable, Accessible, Interoperable, and Reusable) Principles, and therefore enables FAIR data, by promoting the value and use of data and metadata standards, and their use by databases.
One such tool is the FAIRsharing Assistant, a friendly Graphical User Interface, which has been designed using VueJs, D3Js, javascript to offer personalised guidance to those in research and in research support roles (e.g. researchers, developers, curators, policymakers, data stewards, librarians, standards development organisations, societies) to discover standards and repositories in FAIRsharing. The Assistant also signposts other FAIR-enabling resources to aid the user in the creation and discovery of FAIR data."
2023,548510,32,GPU code optimization and automatic performance tuning made easy with Kernel Tuner,Workshop,Software,N/A,High,"Kernel Tuner is a general-purpose auto-tuning tool for GPU code, applicable across domains, focused on software optimization techniques.","Graphics Processing Units (GPUs) have revolutionized the HPC landscape. The first generation of exascale supercomputers is currently being built, and most of these systems will have GPUs as their main computing platform. The performance of GPU applications strongly depends on how the software has been optimized for the hardware. There are many different implementations and code optimizations to consider that can also be parameterized, creating vast search spaces that are infeasible to search by hand. As such, automated performance tuning (auto-tuning) techniques are crucial to optimize such applications. 

In this tutorial, you will learn how to use Kernel Tuner, an easy-to-use tool for auto-tuning GPU code using simple Python scripts. Kernel Tuner supports OpenCL, CUDA, C++, and Fortran. We take a step-by-step approach to explain the auto-tuning basics, building up to more complex search spaces with many tunable parameters and inter-dependencies.  

We cover a wide range of topics from the basics of GPU code optimization, to using advanced search space optimization strategies to accelerate the auto-tuning process. Participants are welcome to bring their own code for the exercises, but we also provide plenty of code examples."
2023,548511,33,Reducing the overhead of coupled machine learning models between Python and Fortran,Talk,Software,Research,High,"Presents general-purpose Fortran-Python interoperability libraries for ML coupling, applicable across many scientific domains (geophysics, plasma, CFD, chemistry). While tested on an atmospheric simulation, the artifact is a cross-cutting tool.","Machine learning (ML) is increasingly used within larger computational projects to achieve higher computational and/or predictive performance.

This typically results in the challenge of language interoperation: Python is popular for building ML models due to libraries like PyTorch and TensorFlow, whilst Fortran is used for many large, high-performance, scientific codes. Notable examples of fields commonly using large Fortran codes include geophysical science, plasma physics, computational fluid dynamics, and chemistry. Since these two languages lack native interoperation, aligning the two requires care.
Interoperability libraries exist, such as forpy, to allow communication between the languages. They establish native Python types that are accessible from Fortran and require restructuring of data when exchanging information. They also require the maintenance and linking of a suitable Python environment. In this work, we ask, is this method the best approach?

We present alternative approaches for TensorFlow and PyTorch that avoid direct use of Python. We have produced Fortran libraries to access the underlying ML codebase via an Application Programming Interface (API), with data stored in shared memory between the two. For PyTorch this accesses a TorchScript model, whilst TensorFlow involves code-generation of a Fortran module.
We test these approaches in the context of coupling an ML model to an atmospheric simulation to replace a physics-based parameterisation. Early tests indicate speedup of up to 4x when compared to the forpy approach. Our libraries are open-source and well-documented, with examples to guide users with a wide variety of possible use-cases across the range of fields noted above."
2023,548533,35,AntigenApp: building a web application for nanobody analysis using a DevOps approach,Talk,Software,Research,Medium,"AntigenApp is built for a specific domain (nanobody/antibody research), but the talk's focus is on the DevOps approach, Kubernetes, CI/CD, and cloud-native lessons applicable to any RSE building web applications.","Nanobodies are a small form of antibody which, due to their small size and low chemical complexity, hold significant promise as diagnostic and therapeutic agents. The experimental pipeline for nanobody production involves multiple stages and experiment modalities. At the Rosalind Franklin Institute, scientists were finding it challenging to capture all the relevant experimental data and metadata in a way that is searchable and shareable among teams and collaborators. To solve this, we built AntigenApp, a web application which functions both as a database and specialised bioinformatics platform.
As a small team of research software engineers, we adopted a DevOps approach, whereby RSEs are responsible for both development and operations of software, leveraging automation for efficiency. We utilise a modular technology stack centred around a Postgres database, a backend Python/Django web application, and a React-based frontend. The application runs on Kubernetes using a continuous integration/continuous deployment (CI/CD) approach.
In this talk, I will discuss the successes and challenges we’ve faced in developing and running AntigenApp across its whole lifecycle, including why we chose a “cloud native” technology stack, how we decided when to “pivot” in terms of technologies used and refactoring, and lessons learned on deploying to Kubernetes including security, performance, monitoring errors, and streamlining the update process using “gitops”. We hope our experience is useful to other application developers using or considering “cloud native” application development on Kubernetes."
2023,548574,39,Modern Training for Modern Fortran,Panel,Community,Software,Medium,"Panel about Fortran training for RSEs—centers on training/curriculum and community feedback, but Fortran is a cross-cutting general-purpose language skill. Training falls under Community per the scheme.","Although Fortran’s origins date back to the 1950s, the language is still widely used by the scientific community. Its strength lies in numerical and parallel computation, so it is often used to build efficient, complex software, designed to run on high-performance computers. Despite its widespread usage, there is a lack of suitable training for RSEs and other users, particularly when it comes to best practices with modern Fortran. Furthermore, many Fortran programmers deal with legacy code written in old versions and using outdated software practices. Hence, there is a pressing need to create a common, modernised set of Fortran programming practices that help the RSE community to write better scientific software. During this panel we will showcase our current training, and ideas for improvement and future training. We invite RSEs to provide feedback and suggestions to guide future material throughout the panel, focusing on a range of themes such as best practice, modern Fortran, and Fortran for HPC."
2023,548586,41,How to use and contribute to a software sustainability dashboard,Workshop,Software,Community,High,"A workshop about a general-purpose software sustainability dashboard tool, applicable across research software projects. Sustainability tooling is explicitly cross-cutting (Software), though it touches community practices.","The need for sustainable software is well established in the research software engineering community. Developing sustainable software ensures that your project will last beyond your current funding and make a sustained impact. The precise meaning of sustainable software remains somewhat vague, with many different contributing factors, the importance of which can vary according to the user/use case; e.g. code quality assurance, contributor base, user support and engagement, licencing model. In addition, existing metrics such as technical debt are likely to be correlated to software sustainability. Keeping track of these disparate factors becomes very difficult when managing a portfolio of software. To address this in our own practice we developed a single sustainability dashboard for our own distributed project (SciKit-Surgery) that summarises a selection relevant metrics and factors measures of software sustainability onto a single dynamic webpage.

We are currently producing a publicly available version which will allow developers to configure their own list of projects and criteria by which to compare sustainability amongst them and learn from best practice. During this workshop we will discuss different aspects of software sustainability. We will compare existing practice across a selection of open-source software projects, and ask what measures of sustainability translate into lasting success. We will invite delegates to share their own experience of developing sustainable software. We will then work with participants to submit their existing open-source projects to our dashboard and optionally to contribute their own metrics to the dashboard."
2023,548592,42,State of Code Quality in RSE: an Empirical Study of Software Development in Different Research Areas,Talk,Community,Research,Medium,"Empirical study comparing RSE practices across research domains to industry SE, focused on the profession and its practices rather than a specific tool or scientific question.","What is good software? This is one of the major questions the software engineering community has been confronting for decades. There have been various approaches and ultimately very different answers to this question. However, the SE community always treated software development as a – in general – similar activity for all areas of application, ignoring the difference between industry software and research software.
As software becomes ever more essential in modern research of all kinds that, ultimately, affect our society, economy, and politics, high quality software is inevitable. But what are the actual differences between RSE and traditional SE? To which extent does research software already employ SE techniques? What are concerns that are only relevant to research? Do all these findings apply to RSE in general, or are certain practices more relevant in particular research fields than in others?
In this talk, we will present insights from an empirical investigation on how software is developed in different research domains today and what shortcomings the development has regarding relevant software quality and SE best practices. We demonstrate results gathered from interviews, surveys, and repository analysis of many research projects of different fields, compare them to industry level software engineering and evaluate which of these “traditional” metrics and practices are important to research software as well and which are only industry-specific, as well as which other concerns RSE has that are not shared with industry SE."
2023,548692,46,Using ReFrame for reproducible and portable performance benchmarking,Workshop,Software,N/A,High,"ReFrame is a general-purpose benchmarking/regression testing framework applicable across HPC users and domains, fitting Software.","Testing and benchmarking software on HPC systems is still often manual and time consuming which makes porting and comparing performance across different systems time consuming and error prone. In this workshop we show how building and running benchmarks can be automated across many different HPC configurations using ReFrame. ReFrame is widely used for regression testing by HPC services from small group clusters up to the largest supercomputers in the world (including the UK national supercomputer, ARCHER2) and is being used by the ExCALIBUR UK exascale programme for cross-platform benchmarking. This workshop will introduce using ReFrame for the automation of benchmarking and collecting performance data. We will introduce how ReFrame is configured and how ReFrame tests can be constructed independently of system configuration and deployed on multiple systems with low overhead. Participants will learn to write a simple ReFrame class, and run it on HPC platforms. Following the workshop, attendees should have enough knowledge to start using ReFrame in their day-to-day activities. The workshop will be taught by ARCHER2 service staff and the developers from the ExCALIBUR benchmark activity who have experience of using ReFrame in production.

Participants can bring their own applications for benchmarking and work on a remote system that is relevant for them, or work locally on a Linux laptop. We will provide access to ARCHER2 and an example application to work on for participants who do not wish to bring their own."
2023,548777,49,"Exploiting bind(c) to run modern Fortran on modern hardware, economics be damned!",Talk,Software,Research,Medium,"This talk discusses a Fortran compiler interoperability technique (bind(c)) used in CFD code development, but the focus is on a general software engineering approach to enable modern Fortran with GPU support, applicable to others facing similar problems. While CFD is the context, the technique is cross-cutting.","Despite rumours to the contrary, Fortran enables writing software that is abstracted, high-level and clean, using modern development practices such as generic interfaces. However, due to economies of scale, support for modern standards is not guaranteed across Fortran compiler vendors as might be expected based on the C++ compiler ecosystem. This may contribute to the perception of Fortran as a legacy language. We have recently experienced this situation during the ASiMoV-CCS CFD code development effort. A key design goal of ASiMoV-CCS is to avoid hard dependencies, such as a specific linear algebra backend. We achieve this through a combination of generic interfaces and submodules, with a particular implementation selected at link time. This enables developers to provide alternative implementations by coding to match the interface. More importantly however, the higher-level scientific code remains independent of implementation. Unfortunately, the features that our design requires were not well supported by the currently available NVHPC nvfortran compilers, limiting the ASiMoV-CCS development options for the GPU ecosystem. We joined the recent UK National GPU hackathon in the hope of finding a solution to this problem. With guidance from our mentors from NVIDIA, we implemented a solution based on bind(c), which ensures the compiler creates C compatible objects. This enabled using gfortran (supporting high-level abstractions) as the primary compiler and linking a small subset of our code developed for GPU offload and compiled with nvfortran. This talk will present the approach taken in the hope it proves useful to others facing similar problems."
2023,547852,21,Over 180 years of research data and its software: An ongoing history of BGS Geomagnetism.,Talk,Research,Software,Medium,"Case study of geomagnetism research software at BGS — software built for a specific scientific domain (geomagnetism/geoscience), making it Research, though it touches on cross-cutting legacy software maintenance challenges.","The strength and direction of the Earth’s magnetic field has been systematically measured in the UK since 1840.

The British Geological Survey (BGS) is the UK’s premier provider of objective and authoritative geoscientific data. The organisation was founded in 1835 and is a repository for datasets such as those held by the geomagnetism unit that are long-standing, uninterrupted, and continuously recorded. The data has been subject to processing and analysis long before the beginning of the ""Information Age"".

Paper notebooks have given way to computer disks and software has revolutionised data analysis. What was once cutting edge becomes obsolete. But legacy remains for long-established datasets and the associated software that manages, analyses and shares that data. The past affects present and future for researchers, and the institutions and RSEs that support them.
Technologies will rise and fall. Standards may be formulated but are sometimes usurped. Policies and regulations move and shift.

How do researchers and RSEs manage and future proof this ever changing landscape?
Here we present a case study of an enduring science project, the evolution of its systems and software, and the challenges that its legacy and its future brings for the people who maintain it."
2023,546322,7,"Research assessment is the dull sounding, but vital missing element from true recognition for Research Software Engineers.",Talk,Community,N/A,High,"This talk is about recognition, research assessment, and the RSE profession—centered on people and policy rather than a specific tool or scientific domain.","The RSE community has achieved huge success in gaining recognition for the RSE role in the UK and around the world. We have widespread recognition with researchers, senior management in universities and research organisations, and with policymakers throughout academia, funders and government. The research world has changed rapidly. Yet the way in which we judge what ""success"" means in research has stayed stubbornly unchanged. Recognition for RSEs cannot be said to have been truly achieved until our work is viewed equally to other contributions to research.
In this talk, I will present the current status of recognition for research software and how the results from the latest REF show an ever-increasing focus on publications. Based on my interviews with REF managers and others involved in research assessment, I will describe the competing pressures placed on universities as the source of this myopic view on success. I will finish by describing some of the activities and campaigns that are working to broaden the community's interpretation of success and summarise some of the breakthroughs they have made in support of RSEs and other vital-but-unrecognised roles."
2023,547324,8,Enabling Science with Marine Autonomous Systems in Remote Offline Environments ,Talk,Research,Software,High,"Talk centers on a software solution purpose-built for marine science operations (controlling Marine Autonomous Systems for oceanographic research), tied specifically to the marine/oceanography domain.","The National Oceanography Centre hosts the National Marine Equipment Pool which includes Europe’s largest operating fleet of MAS (Marine Autonomous Systems). Our fleet is operated in a wide range of marine environments across the globe and is used to collect data from coast to deep ocean. The variety of operational areas and increasing complexity of MAS makes planning and executing successful missions increasingly challenging. Our fleet is comprised of commercial off the shelf and purpose-built in-house systems. Such systems have been traditionally piloted over-the-horizon where pilots command control MAS via satellite communications. In this presentation we will briefly explore the capabilities of our solution to unify the operation of our MAS fleet and how pilots can plan missions, review near-real-time data and control MAS from any internet connected device including exploring the technology stack behind the scenes.
Then, we will navigate through our journey of adapting our web-based over-the-horizon command and control solution to operate fully offline from ship or shore from any location. We will present how this solution was used to support our long-range MAS Autosub Long Range (affectionately known as Boaty McBoatface) during a deployment under a West Antarctic ice sheet from an icebreaker ship during the 2021/2022 Antarctic summer.
We will conclude by presenting the results of the project’s first year in action in the context of science campaigns and ambitious engineering trials. Additionally, we will briefly outline our future development plans and how our solution will support future science expeditions across the globe."
2023,547568,9,Embedding a Right to Replicate in RSE practices,Talk,Community,Software,Medium,"This talk discusses a policy/principle (Right to Replicate) addressing vendor lock-in and sustainability across RSE practices, which is profession-wide and cross-organisation policy oriented, though it also touches on cross-cutting software practices.","As RSEs, we are constantly faced with choices to avoid vendor lock-in, in some form or another, and think about the sustainability and reusability of our outputs. This talk will introduce the Right to Replicate as an example of both how the issue of vendor lock-in has been addressed for infrastructure projects by outlining specific infrastructure commitments when developing digital goods, and how setting such values at an organisation or team level can lubricate operational activities. Lastly, the talk will invite reflection on where a Right to Replicate could apply to less infrastructure-centred projects."
2023,547596,10,Project Bluebird: AI research in air traffic control and the role of research software engineers,Talk,Research,Community,Medium,"This talk centers on a specific domain research project (AI for Air Traffic Control), describing both the domain-specific software work and the RSE team's approaches. Primary is Research (domain-specific application), with secondary Community (RSE team practices/role).","Project Bluebird is a multi-institutional research project aiming to apply human-centered AI to the complex task of Air Traffic Control (ATC). The project, an EPSRC funded Prosperity partnership between NATS, The Alan Turing Institute and the University of Exeter, covers a range of technical challenges: from developing physics-based probabilistic models of aircraft trajectories, creating machine learning systems that collaborate with humans to make ATC decisions, and to the design of tools that promote safe, explainable, and trustworthy use of AI in ATC.

Given the ambitious aims of the project, and the extensive range of domain specific knowledge required to achieve these aims, delivering a quality software solution is a major challenge. Research software engineers (RSEs) have both expertise in professional software development practices and domain speciﬁc knowledge enabling them to produce reliable, eﬃcient and maintainable software for research.

In this talk we will discuss the latest updates from the project and the challenges our RSE team have faced working on such a complex, multi-disciplinary project. We will present approaches to developing research software that we have successfully utilised to date, and the benefits that a diversely experienced team of RSEs can bring when creating cutting-edge, AI solutions."
2023,547611,11,The Challenges of Maintaining an Active 60-year-old Library,Talk,Software,Research,Medium,"Talk about maintaining a long-standing mathematical software library, focusing on RSE practices like testing, documentation, building, distribution, and licensing. While HSL is for numerical linear algebra, the talk centers on cross-cutting software engineering practices for legacy code modernization.","Is HSL a legacy code? What would it take to make it feel “modern”?

The HSL library (https://www.hsl.rl.ac.uk/) was started as the Harwell Subroutine Library in 1963 and is the oldest mathematical software library to be in continual use. Originally developed for use by researchers at UK Atomic Energy Authority (UKAEA) Harwell, packages have been added to the library as research outputs and can be removed when usage, research interest, or competition dictates. The whole library has always been written in Fortran and the oldest codes in the library that have not been archived are just over 30 years old.

Maintaining such a library has become increasingly complicated as RSE debt has built up in recent years when compared to what might be expected of “modern” software libraries. This maintenance must be balanced against the group’s interests in developing new research in numerical linear algebra.

I’ll talk about why I think the library is still used and some of the key differences we’ve seen when comparing the current library against an ideal software package including the approach to testing, documentation, building, and distributing. Additionally, I’ll cover our issues with licensing and the direction of the project in the next few years with an emphasis on the RSE work required to get there and why now."
2023,547698,14,International RSE collaboration with the Institute of Computing for Climate Science and the Virtual Earth System Research Institute,Poster & Lightning Talk,Community,Research,Medium,"This describes a domain-specific RSE group (ICCS) collaborating with climate science teams, focusing on the group model, RSE development, and international collaboration. It's primarily about people/profession/community structures, though tied to climate science domain.","The Virtual Earth Science Research Institute (VESRI) is made up of several large international science teams of about thirty researchers in each. They study topics essential in climate science including sea ice dynamics, gravity wave parameterisations, machine learning in multi-scale modes and a novel land ecosystem model. The Institute of Computing for Climate Science (ICCS) is domain specific, international form of RSE group designed to (in the first instance) collaborate with VESRI teams by combining research software engineering, programming language research, machine learning and data science techniques.
The ICCS supports the VESRI teams by collaborating as RSEs on software projects, consulting, running training events (e.g. Summer School) in the UK and as side events at other conferences like WCRP OSC, and hosting relevant conferences like Climate Informatics. We help with typical RSE concerns such as version control, testing, continuous integration, packaging, documentation, as well as more specific topics like machine learning, coupling, IO library API design, and GPU programming. An important goal of the ICCS is the development of RSEs themselves and the institute is also partnered with a broad program of international Virtual Institutes for Scientific Software (VISS).
This poster introduces the team, the work, the group model and highlights some recent scientific results."
2023,547707,15,From Microscope to Metadata Catalogue: Creating Infrastructure to support OpenFAIR data in a scientific institute.,Talk,Research,Software,Medium,"This talk describes data infrastructure built for a specific biomedical research institute (Rosalind Franklin Institute) handling Cryo-EM and proteomics data. While the technologies (Ceph, Scicat, HPC/Cloud) are general, the context and motivation are domain-specific scientific data management.","The Rosalind Franklin Institute is a new centre dedicated to fighting disease from protein to organ level. It is composed of 5 themes including Artificial Intelligence and Informatics and has put Open FAIR data at the core of its principles. The Franklin produces a range of data: from multi-terabyte Cryo-EM datasets to millions of small proteomics spectra, which is analysed by users with a range of computing knowledge.  In 2022, the data output of the Franklin increased 5-fold in the space of 6 months. This prompted the need to refactor our infrastructure to provide a scalable, flexible platform for transferring, archiving and processing these vast amounts of data.
This talk focusses on how we built the 2nd phase of the data infrastructure using a mixture of open-source and licensed technology. We have built a methodology to move processing between Cloud and HPC. We are leveraging Ceph Echo object store for our data and are using Scicat to catalogue our metadata.  We will discuss how the Franklin aims to move towards automated processing and how the technology we have implemented will make this possible."
2023,547723,16,"A continuous integration workflow for HPC using Singularity, HPC-Rocket and FieldCompare",Walkthrough,Software,N/A,High,"This describes a general-purpose CI/CD workflow for HPC using cross-cutting tools (Singularity, HPC-Rocket, FieldCompare, GitLab CI), applicable across research domains.","Human error is a common cause of bugs and defects in software and can be very costly in terms of time, resources, and reputation. Automating scientific workflows can reduce the risk of human error by performing repetitive and time-consuming tasks with greater accuracy and consistency than humans. This can improve the overall quality of the software, reduce the time and effort required for testing and deployment, and help to ensure that the software meets the required quality standards. Furthermore, automation can add to the reproducibility of scientific results as all the necessary steps to generate them need to be recorded in a script, making workflows easily repeatable. 
Automation can however be very challenging in the context of high-performance computing, as users lack the necessary permissions on the HPC system as well as the manual work required to submit and monitor jobs.
In this walkthrough, we present a continuous integration workflow using Singularity, HPC Rocket, and FieldCompare in a GitLab CI pipeline to automate the process of providing executable containers, deploying them to the HPC system, and continuously verifying computational results against trusted reference data."
2023,547826,18,"The Met Office and the climate model evaluation community: a story of collaborations, challenges and conversations",Talk,Community,Research,Medium,"This talk centers on a climate-domain tool (ESMValTool) but the focus is on the Met Office's adoption journey, open-source community building, governance, and workshops — i.e., people and profession aspects. However, the tool is domain-specific (climate model evaluation), making Research a strong secondary.","Climate model evaluation is a crucial step in the development and improvement of climate modelling capability. In 2020, the Met Office (the UK's national meteorological service) made the decision to replace their bespoke, in-house tools used to perform climate model evaluation with an open-source, community driven tool called ESMValTool. Adopting ESMValTool at the Met Office enables all the benefits of using open source software, including collaborating with the wider climate model evaluation and analysis community, but it also comes with challenges. The Met Office journey so far includes:
completing technical analysis to support the strategic commitment to adopt ESMValTool
facilitating the development of a governance structure
making contributions to the community, including hosting an ESMValTool workshop last October
Come along to hear more about our journey and what makes ESMValTool a successful open-source community!"
2023,547849,19,Where is all the research software? An analysis of software in UK academic repositories.,Talk,Community,Research,High,"This is about software recognition policy, institutional repositories, and how academia treats software as research output - a profession-wide infrastructure/policy issue. It's also research analysis itself.","There has been a steep decline in numbers of research software submissions to the UK's Research Excellence Framework (REF) from 2008 to 2021, but there has been no investigation into whether and how the official academic Institutional Repositories (IRs) have affected the low return rates. In what we believe to be the first such census of its kind, we queried the online repositories of over 180 UK universities. Our findings show that the prevalence of software within UK Academic IRs is incredibly low. A minority contain software as recognised academic output.  Of greater concern, we found that a large majority of repositories cannot record software as a type of research output and that several Universities appeared to have removed software as a defined type from default settings of their repository. We also explored potential correlations, such as being a member of the Russell group, but found no correlation between these metadata and prevalence of records of software. Finally, we discuss the implications of these findings with regards to the lack of recognition of software as a discrete research output in institutions, despite the opposite being mandated by funders, and we make recommendations for changes in policies and operating procedures.
Please note this is a presentation of work, along with expansion results, that is under review for PeerJ Computer Science."
2023,547964,23,My Octopus Teacher: Lessons learned in eight years of building web apps for the Autonomous Underwater Vehicles used in Oceanography,Talk,Community,Research,Medium,"This talk is about a team's experience building software for a specific domain (oceanography/AUVs), focusing on team organization, agile practices, and lessons learned. While the application is domain-specific (Research), the talk's emphasis is on transferable team/workflow practices and lessons for other RSE teams, which leans Community.","In 2016, the Oceanids programme began. It was funded by the UK Government, with the aim of increasing national oceanographic research capability through the development of Autonomous Underwater Vehicle (AUV) hardware and software.
We work within the software side, on the ""Command and Control"" (C2) project. Our goal is to create an intuitive control interface for all the AUVs in our fleet here at the National Oceanography Centre (NOC), and reduce the barriers to using AUVs in research projects through developing useful APIs and standardizing data formats for the research communities.
Our funding and workload comes both from academia and commercial interests.  We are often writing experimental code and collaborating with researchers, but to strict deadlines - sea-going expeditions must be planned far in advance and it can be very costly to postpone putting things in the water.
We started as several junior developers eight years ago with cursory knowledge of ""scrum"" and ""git flow"". Today, we are a team of eight with a well-defined development workflow and an application being used daily by NOC's AUV operators and scientists. Our team has been making efforts to teach development practices we've learned to other groups at NOC. Our mascot is an Octopus.
This talk tells the story of how we've grown C2 as an agile project in this environment. We'll present the ways in which we've organised our team, our work and our communication - what we tried, and what we've found works for us, at home and at sea."
2023,547978,24,How do we design and deliver sustainable digital research education ,Workshop,Community,N/A,High,"Workshop on inclusive education and EDIA in research computing training — about people, profession, and curriculum design.","There is known disparity between the diversity of undergraduate cohorts and that of researchers in many fields.
In STEM fields there are known diversity issues from the age of 11 upwards.
As research computing professionals we are also often research computing educators.
How do we design learning experiences for researchers and research students that do not further embed these issues?
In this workshop we will explore sustainable education in the context of research computing educating and steps we can take to improve EDIA and embed social justice."
2023,548979,50,The Other Kind of Accessible: removing software barriers for disabled researchers and RSEs,Talk,Community,Software,High,"This talk is about accessibility for disabled people as a profession-wide concern, addressing inclusion, attitudes, and practices across the RSE community. While it mentions technical practices like accessibility testing, the core focus is on the people/profession dimension.","When researchers and RSEs use the word ""accessible"" while discussing their work, it is usually in the context of making data and software more openly available. But there is another meaning of “accessible” that is often overlooked: the ability for disabled people to understand and use the data and software that are produced.
At least 15% of people worldwide are disabled, yet there is little discussion in RSE spaces of how to create accessible research tools and outputs, and people often don't realise when they are creating barriers. As a result, many disabled researchers are unable to do their research effectively, because the tools they need to use do not meet their needs. Disabled RSEs may even be expected to work on software which they cannot use themselves. 
At The Carpentries, we are working to improve the accessibility of our web infrastructure, events, and organisational culture. I will draw examples from this experience in this talk, where I will discuss how we are all responsible for the accessibility of our outputs, and what steps we as RSEs can take to improve. This includes technical steps like learning best practices and incorporating accessibility tests into our workflows, as well as psychological steps like changing our collective attitude toward disability and accessibility."
2023,549009,51,And then there were users: Designing and implementing governance for open research software projects,Talk,Community,Software,High,"This talk is about governance for open research software projects, focusing on community structures, decision-making, and project sustainability—a profession-wide concern. While it uses CFF as a case study, the focus is on governance practices applicable across RSE community.","As RSEs, we aim to develop research software in a way that makes it reusable by others. Sometimes, the community of users and contributors around our reusable software grows quickly, while the number of people maintaining the software stays the same, and is often very small to begin with. In this situation, our decisions about the software and the project may affect many more people than anticipated. This calls for a formalization and communication of how we make and enforce decisions within the project, i.e., governance. When we devise governance, there may be many open questions, some of them rather philosophical: What is the actual mission of the project, what are its aims and scope? What are the foundational principles of our project, especially for interacting with different roles in our community? What requirements do we need our model of governance to support? Practical questions follow: What organizational structures do we need? How should these structures interact with each other? What are the processes we need, and how do we implement them? Who gets to decide what? What are the risks, and what do we do if something goes wrong? How can we ensure that governance does not add too much to the already heavy workloads of the people that are involved? And finally: How do we document and enforce all of this? In this talk, we share experiences from recent work to design and implement governance for the Citation File Format project, and some challenges we faced."
2023,549639,52,DAFNI: Extending input data sources for a model workflow platform ,Poster & Lightning Talk,Research,Software,Medium,"DAFNI is a platform built specifically for national infrastructure research (power, water, transport, etc.), and the talk discusses extending its data management for that domain. The acid test applies: can't explain without naming the infrastructure research domain.","We present ongoing work on expanding the data management capabilities of an established workflow platform to accommodate a wider range of data sources. 
The Data & Analytics Facility for National Infrastructure (DAFNI) enables collaborative research into the resilience and sustainability of national infrastructure such as power networks, transportation, telecommunications, water, population dynamics and much more. DAFNI holds its users’ data and allows them to run models together in a system-of-systems approach.  Thus, the platform provides a neutral space for data and models to be shared and used to explore new scenarios together - without needing direct access to the code - and then kept as a legacy space, which can be accessed by stakeholders after the end of research projects. The target audience is the domain expert: government (including OFGEM, OFCOM, OFWAT etc), infrastructure asset owners, economists, insurance, and researchers at universities. 
Data has traditionally all been held in DAFNI’s repository where versions and provenance are tracked.  As the platform has grown, we have identified needs for (a) large (>50gb) datasets from external sources such as NERC data centres (to enable climate modelling) or external clouds, and (b) data of higher security levels (to enable research on infrastructure that is commercially sensitive or raises national security concerns). In addition to the “plumbing” of moving data around, the challenges include versioning and provenance of external data, and trying to make data management user friendly for the non-technical users."
2023,548236,25,Fairy WANDS for Fusion,Poster & Lightning Talk,Research,Software,Medium,"WANDS is a framework built specifically for fusion experiment data transfer needs (tokamak intershot analysis), making it domain-specific research software, though the framework itself is fairly general data streaming infrastructure.","Modern supercomputers provide the necessary computing power to analyze data produced by large scientific experiments. However, since data generation and compute sites are typically not co-located, a need to transfer the data arises. This can quickly become a bottleneck, especially when ad-hoc analysis of experimental data is essential. One such use-case is nuclear fusion.

Magnetically confined fusion is one of the two main forms of artificially produced nuclear fusion. One of the most promising types of fusion reactors is a tokamak. Tokamaks are pulsed reactors; instead of running continuously, they run individual reactions known as shots. To be a viable concept for energy generation, it is imperative that reactors can respond quickly and correctly to chaotic plasma events to avoid losing confinement. This requires analyzing data gathered from previous shots. To keep the intershot analysis time as short as possible, the compute power of modern supercomputers is necessary, creating the need to transfer data across Wide Area Networks efficiently.

We are presenting the Wide Area Network Data Streaming (WANDS) framework currently under development. WANDS provides a flexible, user-friendly, and efficient implementation of a server-client model to request subsets of data for processing. The WANDS client has a Python interface for direct integration into data analysis scripts. A lightweight C++ server component on the data production site serves these requests. Communication is facilitated using ADIOS2. A client-side cache further accelerates subsequent requests for previously transferred data."
2023,548433,26,Using SYCLomatic to Make GPU Code Cross-Platform ,Walkthrough,Software,N/A,High,Cross-platform GPU porting tool (SYCLomatic) is general-purpose HPC tooling applicable across domains.,"High Performance Computing systems are becoming more heterogenous, with CPUs and GPUs from different vendors in different combinations. If a research group applies for time on a large HPC system, there is a likelihood that the CPU and GPU combination might not match the programming model their software was originally written in. The vast majority existing code is written in one programming model (CUDA) for one vendor’s GPU hardware. 

SYCL is an open standard, cross-platform portability layer for C++ to target diverse CPU, GPU and other accelerators. 

But what happens if you aren’t starting from scratch and need to port an existing CUDA code? That’s where SYCLomatic comes in. SYCLomatic is an open source, source to source translation tool that automates nearly all of the of the tedious work of translating. 

In this walk through we will introduce the tool, demonstrate a simple example, and then some more complex examples that show what happens when the tool isn’t able to translate a code structure and what is left for the porter to do by hand."
2023,548479,28,Snapshot on King’s Digital Lab Mission and Activities 2022-25: communicating the significance of RSE in a research-intensive HEI context,Talk,Community,N/A,High,"This talk is about defining and communicating the mission of an RSE team/hub within a university context, focusing on the RSE profession, team identity, and institutional positioning rather than a specific tool or research domain.","This talk aims to present the Mission and Activities document produced by King’s Digital Lab (KDL) in collaboration with Faculty senior management last year. KDL is an RSE research facility at the Faculty of Arts and Humanities, King’s College London (UK). The document is the result of a light review process spurred by the Faculty to restate KDL’s mission and its “doing, enabling and planning” activities (inclusive of operational overheads and Research Services Catalogue). While the document is specific to KDL and mainly fulfils the internal function to communicate our remit to stakeholders and allocate resources, the talk will contextualize it within RSE references (e.g. DOI 10.1109/MS.2020.2973362) as well as similar efforts and good practices initiated by other RSE hubs across the country (e.g. Newcastle University, University College London, Alan Turing Institute, University of Edinburgh) and beyond. The main scope of the talk would be to foreground the agency RSE teams can exercise in defining and reviewing mission and activities following an engineering ethos. The aim is also to showcase how such an exercise can contribute to navigating challenges related to conflicting pressures for RSE teams, while striving for alignment to institutional strategies and responses to other external factors (e.g. funding, policies). The objective is to inspire discussions on the mechanisms via which the significance of RSE contribution to a research-intensive Higher Education Institution can be communicated and adapted responsibly."
2023,548501,31,How can RSEs stop researchers from re-inventing small programs instead of collaborating to sustain and improve big ones?,Talk,Community,Software,Medium,"This talk discusses RSE practices and how to encourage collaboration over reinvention across research teams, framed as a profession-wide issue using Katz's curve. While astrophysics is used as an example, the core message is about RSE practices and community/collaboration patterns.","Does it ever feel like lots of new research software in a particular domain is being released only to provide yet another way of performing an existing task, while researchers keep relying on decades-old packages for larger tasks (e.g. simulations)?  I'll introduce Daniel Katz's ""software development curve"" and use it to offer an explanation of why this happens.  I'll also show how this has played out recently in some areas of astrophysics and highlight where, and why, there have been notable exceptions.  Finally, I'll offer some ideas on how research software engineers can help research teams shift effort from independently re-inventing small programs to collaborating more effectively and widely on small, large, old or new research software."
2023,548543,36,What is new in Research Software Engineering in Germany? ,Talk,Community,N/A,High,"This talk is about the German RSE community, its development, policies, professional societies, and community-building initiatives — clearly about people and the profession.","In February 2023, the German RSE community came together at the deRSE23 conference in Paderborn in-person, for the first time since the global coronavirus pandemic. While this conference may represent the most visible marker of RSE activity in Germany, there are many more activities that show the progress that the German community has made over the last few years. This includes new developments in funding guidelines and policy, community building and infrastructures, collaborations, projects and research topics. In this talk, we will provide an update on the current status of research software in Germany and some of the most interesting developments, not only to share our successes, but also to identify remaining challenges and initiate further knowledge exchange across borders. The talk is informed by relevant initiatives in Germany, such as the German Society for Research Software - de-RSE, as well as their collaboration with other professional societies. It features developments and RSE activities from the Helmholtz Association of German Research Centers and universities, as well as the German National Research Data Infrastructure (NFDI), and further relevant initiatives. We will furthermore look at topics emerging in Germany with regard to research on research software itself. The talk finally focuses on the development of the RSE community in Germany itself, and serves as invitation to take part in upcoming activities, such as the second Germany-wide RSE event in 2023: the de-RSE unconference."
2023,548557,37,Evaluation of solutions for data-driven health research networks,Talk,Research,Software,High,"This talk evaluates data federation solutions specifically for healthcare/health research networks in Scotland, making it domain-specific to health research.","Health data research is challenging because of the different data challenges e.g. governance, security, federation, lack of standardisation, historically poor infrastructure etc. The implementation of the secondary use of healthcare data in Scotland is fragmented, with data providers/processors using different query languages, data storage models and standards of various kinds (e.g. coding, vocabulary). To unite data from geographically decentralised databases, data federation solutions interconnect multiple databases and make data operations interoperable between data controllers/processors can improve efficiency and transparency of how data are used (through more unified processes) thus gaining more confidence from the general public.
Several initiatives/software solutions have been launched over the last decade or so to support access to healthcare data. This work will characterise the existing national and international data-driven health research networks and their software solutions from a methodological, technical and organisational perspective, to meet the needs of the Scottish Safe Haven Network. Our characterisation is based on a framework (compose with principles, architecture and model) that is inspired by the Open Systems Interconnection (OSI) layer model. Existing federation solutions from proprietary and open-source platforms are reviewed and systematically assessed. The work intends to show the functionalities and responsibilities of all the participating partners. Different modes of operations (cohort discovery, distributed analysis and data extraction) are considered and discussed through the framework."
2023,548599,43,A Global Revolt: Incrementally Refactoring Global State Out of a Legacy Codebase,Talk,Software,N/A,High,"This is about a general software engineering technique (refactoring global state, incremental testing) applicable across codebases, not tied to a specific research domain.","To create and sustain a culture of open science in computational fields it is not enough simply to open source your software; your codebase must also be approachable, robust, and maintainable. This requires a codebase that is clearly documented, thoroughly tested, and above all well-designed. While researchers are beginning to understand this need for new software, there are many legacy codebases which have been written in a ""write-only"" style. 

One of the most common ways this presents itself is through an over-reliance on global state. This leads to many connected issues such as increased on-boarding time for new developers, difficulty testing the code effectively, and higher risk when making changes to the code. However, removing pervasive global state is a complex and time-consuming process, and attempting to do so in one go can make it harder to trust the changes and hinder progress in other areas of development. 

In this talk we present an incremental approach that we took to reduce our codebase's reliance on global state, without halting other ongoing work. In particular, we present a strategy for introducing unit-testing to legacy code, bypassing the need for the large amounts of mocking required if the global-state issue is unaddressed. We discuss the tools we used to help us, as well as the difficulties we faced and the lessons we learnt. The talk also offers guidance for adopting this approach in your own work, allowing you to create a codebase that fully embraces open science."
2023,548683,44,Pre-Processing Android Application PacKages (APKs) for Static Analysis at Scale - A lesson learned from developing AppInspect,Talk,Research,Software,Medium,AppInspect is a research tool specifically for studying Android apps - a domain-specific research application. The talk centers on a tool built for a particular research need (Android app analysis for non-technical researchers).,"This talk will share a lesson learned from the development of AppInspect - a research tool enabling non-technical researchers to study Android apps.  The talk will focus on AppInspect's technique of pre-processing Android PacKage (APKs) for static analysis at scale.  The pre-processing enables the mining of thousands of Android apps for the reuse of code and resources, questionable system calls, suspicious libraries and their evolution.
An APK file is essentially a ZIP archive that contains a collection of files.  An Android app is a set of files of different elements, such as code, icons, images, and user interfaces.  Extracting elements from an APK using existing tools creates a deep hierarchy of directory structure.  The overhead of file lookup in a directory is costly, and the I/O performance of most file systems decreases as the number of files increases.  The use of existing tools alone to work with a large number of APKs would be very inefficient and take a long time to run an analysis.
The author finds that pre-processing the files within an APK is key to enabling the efficient processing of researchers' queries.  AppInspect transforms the diverse files within an APK into a tabular format based on Apache Parquet, which is optimised for storing a huge amount of data for the purpose of analysis.  A key advantage of the technique is compatibility with major big data analytics tools, support of different data types, and optimised for use in distributed computing infrastructure."
2023,548691,45,RSE specialisation: Research Computing Engineer,Talk,Community,Software,High,"This talk focuses on the RSE specialisation/role of Research Computing Engineers as a profession, discussing team establishment and skills, which is about people and profession. Secondary aspect touches on HPC/cloud infrastructure support.","In this talk, we will discuss the research software engineering specialisation, particularly the role of Research Computing Engineers (RCEs) at the Alan Turing Institute. The discussion will cover the establishment of the Research Computing team, the types of projects and services RCEs provide, and the unique set of skills required for this position compared to more traditional Research Software Engineer positions. Through examples of projects, we will demonstrate how RCEs work with AI researchers to provide digital infrastructure and support for their research. We will also delve into capturing the emerging needs and current blockers of using national/regional supercomputers and public cloud platforms by the AI community at the Alan Turing Institute and beyond."
2023,548729,47,Quickly Building Operational Research Tools with a User-Friendly GUI Using Free Cloud-Hosted Jupyter Notebook: A Case Study of TikTok Video Analysis,Poster & Lightning Talk,Software,Research,Medium,"The talk centers on a general-purpose technique—using free cloud-hosted Jupyter Notebooks to rapidly build user-friendly GUI tools for non-technical researchers. While the case study involves TikTok video analysis, the core message is cross-cutting tooling methodology applicable across domains.","The poster will illustrate the story of building the research tool ""Video Frame and Audio Extractor"" in a week based on a free cloud-based Jupyter Notebook, and making the tool user-friendly for non-technical researchers studying TikTok videos.    
One of the authors initially faced challenges in extracting frames from a large number of videos using ffmpeg's command-line interface, which was hardly usable by researchers without technical expertise.   The challenge hampers non-technical researchers' agency in studying TikTok videos.  
In preparation for a workshop on studying TikTok videos at Digital Methods Winter School 2023, the authors used a freely available cloud-hosted Jupyter Notebook to build a tool with a graphical user interface that invokes ffmpeg to extract frames from videos.   The tool was built, tested and made operational within a week.   Participants in the workshop, who are mostly without technical backgrounds, found the new tool easy to use, and their agency in researching TikTok videos increased.  
The poster discusses the design of the ""Video Frame and Audio Extractor"" tool and highlights the potential of using free cloud-hosted Jupyter Notebooks for building operational research tools with a graphical user interface quickly."
2023,548757,48,Scripting for flexible simulation: the hydrodynamic perspective,Talk,Research,Software,Medium,"This talk centers on hydrodynamic simulation using Thetis/Firedrake — a domain-specific solver applied to fluid dynamics engineering, though it also discusses general SE practices like containerisation and CI/CD.","With a plethora of available numerical models spanning many engineering disciplines nowadays, it is both an advantage and a challenge to select an appropriate model for a simulation task. The computational engines, or solvers, are often developed by researchers who work in their ""niche"" and therefore would be difficult to integrate with other solvers or modules. Conventional programs favour execution speed over I/O and thus inadvertently form a barrage to data interoperability.
Fortunately, contemporary simulation software engineering has adopted good practices such as using version control systems, CI/CD, extensive testing, and containerisation. In addition, modern programming features also allows rapid prototyping of physical processes and accelerates the contribution of the scientific community to software packages such as Firedrake and Oceananigans. In this talk, we present a case using the Firedrake-based Thetis hydrodynamic solver flexibly in various contexts:
Ramp-up runs from static (equilibrium) to fully-developed flow conditions;
Model calibration/validation;
Long simulations and hot-start;
Sensitivity analysis.
Through these cases we also implement containerisation, handling data input from multiple sources and output visualisation. The aim is for data reproducibility, objectiveness and reduction in the manual work involved during input preparation."
2023,543584,4,Is Research Software Engineering in Computer Science different? The role of Artifact Evaluation,Talk,Community,Research,Medium,This talk discusses the nature of RSE work within Computer Science as a discipline and the artifact evaluation process as a recognition/quality mechanism for research software. It's about the profession and cross-disciplinary practices rather than a specific tool or domain research.,"Many of the applications developed by research software engineers are for disciplines that do not conduct research into computation, for example, biology and chemistry. Is the research software engineering that takes place with a computation-focussed discipline like Computer Science different?
To begin answering this question, I will start from my own experiences as a researcher who develops software in a research programming language. Over the last few years I have become aware of the role of RSEs, as well as understanding the aspects of my own role that are research software engineering. I will also talk more broadly about software development within Computer Science research.
In particular, I will talk about the use of a process called artifact evaluation that has been adopted by a number of sub-disciplines of Computer Science. This process has been around for about a decade and evaluates the research software associated with conference and journal publications. Two of my papers have artifact evaluation badges and I will describe the process and how it relates to similar processes outside Computer Science."
2023,553839,63,Standardising UK Trusted Research Environments in the Open ,Talk,Software,Community,Medium,"SATRE is a cross-cutting reference specification/standard for trusted research environments applicable across domains, with heavy emphasis on community engagement and multi-institution collaboration. The infrastructure/standard itself is general-purpose (Software), but a major focus is community building and stakeholder engagement.","SATRE — Standardised Architecture for Trusted Research Environments — is a multi-institutional project developing and implementing a reference specification for trusted research environments (TREs) using an open, collaborative approach.
Personal or sensitive data which has been collected for operational, commercial or governmental reasons need to be managed securely and safely in a trusted environment that encourages best practice. However, most TREs are developed independently by siloed teams, resulting in TREs that are incompatible with each other, and aren’t conducive to collaborative research.
By making a standardised reference specification openly available, the SATRE team is working to break down these siloes and facilitate ground-breaking research with sensitive data across domains and industries.
A standard approach can work only if it has widespread support. The specification is openly developed through an extensive stakeholder engagement plan that goes beyond technically minded operators and developers, and includes the general public as well as high-level commissioners. Setting up open collaborative spaces, and actively reaching out to the community and the public, is critical for the success and sustainability of the project.
As we approach the end of our funding window, we will present our achievements and progress, including: 
Building and formalising the specification with multi-stakeholder input
Developing standards in the open
Achieving community engagement and consensus
Managing cross-institution collaborations
Ensuring the continuation of engagement and contribution beyond the project
We will also highlight how the RSE community can continue to contribute to the project and influence the future of how sensitive data are used with TREs!"
2023,554046,68,Carpentries Offline: Running a Carpentries Workshop without the Internet,Poster & Lightning Talk,Software,Community,Medium,"CarpentriesOffline is a tool/platform supporting Carpentries training delivery. The artifact itself is software (a deployable system), but its purpose is community training/curriculum delivery. It's cross-cutting (not domain-specific) and serves the RSE/training community.","CarpentriesOffline (https://carpentriesoffline.org) is an out of the box solution for running a Carpentries workshop from a single device such as a Raspberry Pi, old laptop or even a dedicated server. It is intended for use in environments where there is limited or no internet access. Everything needed to run the workshop including course notes, data files, software downloads, a Git server, etherpad and a Jupyter Hub server are provided by the CarpentriesOffline system. It can also provide a backup environment for those with better connectivity in the event of the Carpentries website, etherpad, GitHub etc suffering an outage.
This poster will describe:
The architecture of the CarpentriesOffline system
The build process that automates the creation of OS images in GitHub Actions
Ways to download and deploy it yourself
How to get involved with the project"
2023,554049,69,Carpentries Offline Development Hackathon,Hackathon,Community,Software,Medium,"CarpentriesOffline is a tool supporting Carpentries training workshops in low-connectivity environments. While it's a software stack, its purpose centers on training/education infrastructure for the RSE/research community profession (Carpentries), making it primarily Community-focused with Software as secondary.","CarpentriesOffline is an out of the box solution for running a Carpentries workshop from a single device such as a Raspberry Pi, old laptop or a dedicated server. It is intended for environments with limited or no internet access. It provides everything needed to run the workshop including course notes, data files, software downloads, a Git server, etherpad and Jupyter Hub server. It can also provide a backup environment for those with better connectivity. It is currently in an alpha state and requires extensive testing.
This hackathon aims to:
Run mass testing of the CarpentriesOffline software and hardware stack. Tests will include:
How scalable the systems are with large numbers of users
Testing different server hardware (different models of Raspberry Pi, Rock64 devices, old laptops, various WiFi adaptors etc).
Testing the learner experience on different devices, operating systems and web browsers.
Explore possible solutions for new functionality, including:
Sharing the instructor's screen to learner's devices in environments without a projector.
Capturing pre and post workshop surveys and reporting these to the Carpentries.

Get the CarpentriesOffline software stack into a beta state where it is ready for instructors around the world to use it with little or no prior contact with the developers.

To recruit new developers to the project.

Test and develop material for a mini-HPC which also uses Raspberry Pi  and Rock64 single board computers. This is intended for teaching HPC Carpentry to those without access to an HPC."
2023,553673,55,"Scottish Medical Imaging (SMI) – providing safe and secure access to research-ready, population scale health and imaging data",Poster & Lightning Talk,Research,Software,High,"This is about a domain-specific platform (medical imaging research environment) built for healthcare research, requiring discussion of the medical/health domain to explain.","Routinely collected text-based health care records and associated imaging data are extremely useful for healthcare research. However, using such data is challenging and requires specialist tools and skills to work with. Trusted Research Environments (TREs) such as Scottish Medical Imaging (SMI) provide the capabilities and controls needed to unlock the value of such data whilst ensuring patient confidentiality.
We share our solutions to some of the major research challenges faced in establishing SMI and making imaging data research-ready, through the PICTURES collaboration:
Cataloguing – the metadata that describes each image, series or study is often inconsistent, incomplete or incorrect, making it very difficult to reliably index and catalogue image data for cohort building.
Natural Language Processing – useful image descriptors can be found in associated Radiology Reports, specifically free-text notes describing expert observations and diagnosis.
Pixel anonymisation – many scanning devices or secondary processing steps result in Personally Identifiable Information (PII) being burnt-in to the images themselves, requiring tools and methods for identifying and removing PII from pixel data at-scale.
This poster will cover the work of the PICTURES programme to enhance Trusted Research Environments to support AI development on large scale data, whilst protecting patient confidentiality. The SMI Service will be presented, which can support researchers and industry partners to train new models on routinely collected imaging data linked to healthcare records from the whole Scottish Population."
2023,553891,65,What is the evidence for Agile software development methodologies and their practices?,Talk,Software,Community,High,"This talk examines evidence for Agile methodologies and practices in software development, a cross-cutting software engineering practice topic relevant to RSEs broadly, not tied to a specific research domain.","It's common practice for an RSE project to follow an Agile software development methodology or at least a process which is inspired by it. But how much evidence is there for the different methodologies (e.g. Scrum, XP, Lean) and their practices (e.g. pair-programming)?

Measuring the success of a project and productivity of a team is difficult, and we know that teams can vary widely in how well they adopt a set of practices. In light of this, researchers have attempted to account for this by using surrogate measures, case-studies, interviews and surveys. I'll explore the levels of evidence for these techniques and their tradeoffs. This talk will have some interactive voting to see how your intuition matches with the research so have your phones or laptops at the ready.

By the end of the talk attendees should understand what factors affect the effectiveness of different practices and have some references to help make the case for using them."
2023,553682,57,Natural Language Processing of Radiology Reports,Poster & Lightning Talk,Research,Software,High,This is about NLP tools built specifically for medical/radiology reports in a healthcare research archive — domain-specific application.,"The Scottish Medical Imaging (SMI) archive holds a copy of Scotland’s radiology images for use by researchers. It includes radiology reports in text format for CT, MRI, Ultrasound, and other modalities. The PICTURES project has been funded to do research and development of tools and techniques for making the archive more easily accessible and usable. 
The natural language processing (NLP) work package has been doing research into methods for removing all Personally Identifiable Information (PII) from the free-text reports. The aim is to detect and remove names, dates, and other PII which may appear anywhere in the text. The process must be robust enough to give confidence that reports can be delivered to researchers without the risk of re-identifying patients. 
A second aim is to catalogue the text to make it easier to find reports about specific medical conditions, treatments or drugs. This labels the text using concepts defined in the UMLS metathesaurus, a comprehensive medical ontology, and it has the ability to spot different phrases with the same meaning. The medical reports are all associated with radiology images so this approach to building cohorts can be used to search the archive for relevant images as well as reports. 
This poster describes the work to build an acceptable NLP solution for detecting PII, the validation process, the design of a process for extracting medical concepts from reports and a database for cataloguing them, and a web service with cohort building tool plugin for querying the catalogue."
2023,554043,67,Cloud native approaches to environmental data processing and presentation ,Talk,Software,Research,Medium,"While the projects are environmental/oceanographic, the talk's focus is on cross-cutting cloud-native data formats and object storage techniques (COG, Zarr, Kerchunk, Geoparquet) applicable broadly. However, the case studies are specific environmental domain projects.","This talk will discuss the use of cloud native data formats in two projects. The first project, a virtual representation of an environmental system ( Environmental Digital Twin) presents several geospatial datasets relating to the Haig Fras Marine Conservation Zone. The second project processes global ocean circulation models, making them ready to be accessed by the public. 

Common to both projects are S3 like object stores run on STFC's JASMIN system. Object stores allow large datasets to be published without the need to run a dedicated web server. They store data in parallelised filesystems which can handle many simultaneous reads. In the case of JASMIN the object store is also co-located with high performance computing facilities which can process this data without moving it over the internet. Object stores support HTTP range requests allowing a partial download of an object. 
Both projects have used several cloud optimised file formats which rely on only transferring subsets of a file. This is especially useful for web applications where the user cannot practically transfer multi-gigabyte files.  
For geospatial raster data such as bathymetric maps and seabed images Cloud Optimised GeoTIFF format has been used. For vector data the Geoparquest, MBtiles and Flatgeobuf formats have been investigated. 
For the ocean circulation model output the Zarr and Kerchunk formats have been used. 
This talk will present some of the pros and cons of each of these file formats, the performance implications of using them, some of the issues encountered and how they were overcome."
2023,553802,60,Call to action! We need the RSE community’s help to protect sensitive personal data whilst also enabling secure scalable research: Trusted Research Environments (TREs) and Reproducible Research,Talk,Software,Community,Medium,"This talk is about Trusted Research Environments — secure data infrastructure that spans multiple domains (health, education, etc.) and is a cross-cutting platform/tooling concern. It calls on the RSE community to contribute, but the focus is on the software/infrastructure space rather than profession/career topics.","Across the country, data are collected for administrative purposes by a range of groups such as the health and social services, HMRC, education services and the police to answer key research questions which could not be answered without access to the data. Quite rightly, for ethical and legal reasons, these data must be handled securely thus protecting the confidentiality of the data subjects. Trusted Research Environments (TREs) (also known as Safe Havens or Secure Data Environments) are environments where researchers can assess de-identified data without being able to export the individual level data. TREs generally follow the Five Safes principles (https://en.wikipedia.org/wiki/Five_safes) and are tightly controlled, with research users unable to access the internet during whilst in the TRE, and able to export only aggregate level information e.g. a graph or a table. Historically, as data from TREs cannot be shared, this often means that the technology innovations that have been made (such as infrastructure as code, software tools, data cleaning, curating, and analysis pipelines) have also not been shared and enhanced like they have in other disciplines. There is also a need for innovative research in federated solutions, data standards and reproducible research. The field needs the input of the RSE community to innovate in this space and bring ideas and solutions from other disciplines!"
2023,553831,62,Firedrake: High productivity FEM simulations utilising sophisticated code generation,Workshop,Software,Research,Medium,"Firedrake is a framework for solving PDEs via FEM — while it's used in scientific computing, it's a general-purpose computational tool applicable across many research domains (engineering, physics, etc.) rather than tied to one discipline. Code generation and HPC scaling are cross-cutting software techniques.","Firedrake is a software framework providing an automated system for solving partial differential equation (PDEs) using the finite element method (FEM) and offers a better alternative to handwriting bespoke code for simulations. Using code generation, Firedrake provides mathematicians, scientists, and engineers with a very high productivity way to create high performance simulations. 
PDE-constrained optimisation and data assimilation problems can also be solved in Firedrake through the automatic differentiation framework: pyadjoint. 
Firedrake enables users to formulate PDEs using Unified Form Language (UFL), a Python based domain specific language. Using Firedrake's code generation layers produces fast and optimised C code to assemble finite element matrices, providing substantial advantages over the classical approach of manually coding entire simulations in C. This capability allows Firedrake users to rapidly prototype different mathematical formulations, discretisations, and solvers with ease. With seamless parallelism and sophisticated code generation prototyped solutions can then be scaled to thousands of cores on a High Performance Computer (HPC).
Workshop attendees will leave with an understanding of Firedrake's capabilities, including the advantages of code generation. We hope attendees will consider using Firedrake in their research or recommend it to their colleagues. 
Interested participants can view tutorial material (https://firedrakeproject.org/notebooks.html) ahead of time, but this is not a prerequisite."
2023,554039,66,Coding Confessions,Panel,Community,N/A,High,"This is about normalising mistakes and knowledge sharing among RSEs as a profession—about people, culture, and community-building, not a specific tool or domain.","What?
At ""Coding Confessions"" software developers talk openly about mistakes they've made when developing software.
Why?
People don’t want to talk about their mistakes, publish code or submit it for review. Common reasons for this are fears that “my code isn’t good enough”, “isn’t complete enough”, “has mistakes in it”. We want to encourage people to share their coding insecurities to help normalise talking about mistakes and knowledge gaps.

How?
We propose two parts to the event: 
1. A public panel where several (preferably senior) RSEs and software developers each take it in turn to talk openly about a mistake they've made in software they've developed. They will briefly describe the software system, the mistake they made and the they lessons learned from it. 
2. An anonymous form where attendees can disclose their confessions.  
Ultimately we will publish a collection of confessions as blog posts from both the panel and noticeboard on our website (https://coding-confessions.github.io/). This will help to highlight mistakes and stop them being repeated by others."
2023,614650,91,"Funding digital infrastructure, software, people and communities",Talk,Community,Other,High,"This talk is about UKRI funding policy and programme-level support for digital infrastructure, people, and communities — a profession-wide initiative concerning RSE careers, skills, and networks rather than a specific tool or research domain.","This presentation will include a high level overview of how UK Research and Innovation supports digital infrastructure, including software, people and communities. I will also introduce the vision for the relatively new £129 million Digital Research Infrastructure Programme that will provide support for software, skills, and networks of people."
2024,782141,34,Mutation testing: Who tests the testers?,Walkthrough,Software,N/A,High,"This talk is about mutation testing as a general software testing technique, applicable across domains—a cross-cutting software engineering practice.","Mutation testing is an advanced software testing technique. Imagine altering a '<' to '>' in your code; ideally, your unit tests should catch this. But do they? This walkthrough will explore the principles of mutation testing, demonstrating how it can uncover hidden weaknesses within supposedly robust test suites.
Using the third-party Python package Mutmut, I will illustrate common pitfalls in unit testing and show how mutation testing can expose these effectively. These examples will cover some simple examples and then go on some examples found in code bases. 
I will also show how mutation testing can be used as a teaching tool for better testing, including how it can highlight edge cases in unit tests."
2024,787170,61,Research Directions for Multi-Disciplinary RSE Research to Impact RSE Practise,Panel,Community,Research,Medium,"Panel on RSE Research as a discipline studying RSE practice — about the profession and methods to improve it, not a specific tool or domain science.","Check https://irser.github.io/ for updates.
With this panel, we intend to highlight the concept of RSE Research as a complementary approach to RSE Practise: conducting research to understand and improve how software is developed for research purposes. RSE Research should be a multi-disciplinary endeavour, involving disciplines such as software engineering, sociology, economics, and psychology, among others.
The overarching aim of research software engineering is to support and advance research fields by providing high-quality software that is reliable, efficient, and user-friendly. A distinctive aspect of RSE is that requirements are often not predetermined but emerge and evolve as research progresses. Understanding these requirements can be challenging without expertise in the relevant scientific field. Verification and validation are complex and adhere strictly to scientific standards.
RSE Research seeks to enhance the understanding of research software development and to devise methods, techniques, and tools to improve RSE Practise. Consequently, RSE Research addresses a range of research questions, which encompass not only the software as a product but also the provision of software development support for domain researchers, recognising their limited time and potentially improvable software development skills.
The objective of this panel is to explore the potential impact of RSE Research on RSE Practise, and the consequently emerging questions for RSE Research.
Panellists: Wilhelm Hasselbring (chair, Kiel University & University of Southampton), Michelle Barker (Research Software Alliance, Australia), Neil Chue Hong (University of Edinburgh), Simon Hettrick (University of Southampton), Inga Ulusoy (University of Heidelberg)."
2024,788075,88,PlasmaFAIR: Improving the Sustainability of Software in Plasma Science,Poster & Lightning Talk,Research,Community,Medium,"PlasmaFAIR is a domain-specific support project for plasma science researchers, providing software engineering support to plasma physics codes like Pyrokinetics and Scotty. While it applies general RSE practices (FAIR, testing, packaging), the talk centres on a discipline-specific initiative.","The PlasmaFAIR project provides free software support to researchers at all career stages within the plasma science community. Our ethos is centred on the FAIR principles[1], which state that data and software should be Findable, Accessible, Interoperable, and Reusable. We aim to improve the ease-of-use, robustness and sustainability of plasma software by reviewing projects and making recommendations via our software ‘health checks’ and by working alongside scientists to provide direct software engineering support.
Our projects often include the addition of testing and documentation frameworks, the implementation of automation techniques, and the packaging of software for wider distribution. We also provide longer-term support for some projects. One example is Pyrokinetics[2], which acts as a translation layer between multiple plasma physics simulation codes to enable easier cross-code comparisons and parameter scans. Following work to redesign and simplify some of its core procedures, Pyrokinetics has rapidly become a community tool supported across multiple institutions. Similarly, our work on Scotty[3], a synthetic diagnostic for plasma experiments developed as a PhD project at the University of York and the Culham Centre for Fusion Energy, has resulted in fully-fledged research software with an international user base spanning from Singapore to San Diego.
Beyond our work supporting plasma physics software projects, we also contribute to open-source community tools such as netCDF and FAIRDataPipeline[4], and we develop new tools where the need arises.
More information is available at https://plasmafair.github.io.
[1] https://doi.org/10.1038/sdata.2016.18

[2] https://doi.org/10.5281/zenodo.10276528

[3] https://doi.org/10.1088/1361-6587/ac57a1

[4] https://www.fairdatapipeline.org"
2024,756883,7,What is an OSPO and how are we creating one at UCL?,Talk,Community,N/A,High,"This talk is about creating an Open Source Programme Office at UCL — a profession-wide, cross-organisational initiative about open source policy, advocacy, and community engagement, fitting squarely in the Community category.","Much of our research runs thanks to open source software! Our university infrastructure also depends on open source tools. However, this is usually forgotten and considered as a given. We do not even know how much we depend on it. Equally, we know very little about the social, research, and economic impact that the open source code generated within universities has.

An Open Source Programme Office (OSPO) is a body within an organisation to look after their open source strategy and operations. OSPOs has been widely adopted in the commercial world, governmental institutions and world organisations. More recently, various academic and research institutions have also found the value of having OSPOs.
Though the goals of organisations across these domains differ when establishing an OSPO, they create a fabric that helps those organisations to collaborate and combine efforts to maximise the impact (and support) of open source software.

In this talk we will discuss how we are creating an OSPO at UCL to enable us:
to measure our dependencies on open (and closed!) source code and combine efforts to increase impact and reduce risks;
to increase community engagement and collaboration within UCL and with external organisations;
to promote, guide and educate staff and students about open source culture from technical, social, political and economical perspectives;
to push policy forward that safeguards open source and protects technological sovereignty.
We hope that sharing our experiences will inspire others to create OSPOs and engage in future collaborations."
2024,788805,156,Bring your own classroom to a CodeRefinery workshop,Talk,Community,N/A,High,"This is about CodeRefinery, a training initiative teaching RSE practices across all research fields. Focus is on training/curriculum and community-building, not a specific tool or research domain.","CodeRefinery is a project teaching FAIR research software and development and basic Research Software Engineering practices to students and researchers across all research fields. CodeRefinery is a collaboration between universities and organizations in the Nordics funded by Nordic e-infrastructure collaboration (NeiC).
Our workshops are streamed and recorded so that anyone can follow them. Registered participants also have the possibility to interact with the instructors on stream via a collaborative document. The open source materials (available at https://coderefinery.org/lessons/) include lectures as well as hands-on activities. Sharing reusable training materials is one of the projects core values.
CodeRefinery works with local partners to facilitate an interactive and collaborative workshop despite the challenges of large audiences and online teaching. The local partner provides an online or in-person room with a team-lead. The participants watch the stream together and discuss and work on exercises in the group under guidance of the team lead.This approach enables local partners to provide participants with a full workshop while maintaining the benefits of discussing and working together as a group.
This contribution will describe a workshop setup for scaling an interactive workshop to a few hundred participants while still keeping the interaction and community experience of a local small workshop. We kindly invite YOU to join our next workshop as a learner, team-lead or local partner."
2024,788808,157,"Modern, interactive and impactful software documentation with Sphinx, MyST and the Diátaxis framework",Talk,Software,N/A,High,"This talk covers cross-cutting documentation tools (Sphinx, MyST) and a general framework (Diátaxis) applicable to all research software, making it a Software/practice talk.","Software documentation is often perceived as important by developers, yet insufficiently written or maintained over time [1]. Although it is accepted that good documentation is essential to both users and developers of research software, it is challenged by insufficient training, periodic staff turnover and minimal resources dedicated to knowledge sharing [2]. In this context, the Diátaxis framework [3] offers a valuable proposition for achieving an optimal and quality design for software documentation.

This talk provides a practical introduction to the Diátaxis framework, using the Sphinx documentation tool coupled with the MyST ecosystem. The core principles behind the framework are first explained, followed by their application using Sphinx and MyST to produce quality materials, such as tutorials, cookbooks, user guides or developer references. The talk ends with some tips to automate and publish documentation alongside research code.

[1]: https://doi.org/10.1145/2038476.2038509
[2]: https://doi.org/10.1038/467775a
[3]: https://diataxis.fr"
2024,776645,19,Boring Boilerplate Code Can Connect Communities: Lessons From the Astrophysics Code SNEWPY,Talk,Research,Community,Medium,"This talk centers on a specific astrophysics code (SNEWPY) built for nuclear/particle astrophysics communities, making it domain-specific Research, though it has strong Community/collaboration themes.","We’re not usually excited about writing boilerplate code. It’s boring. It’s a chore. However, when used well, boilerplate code can have a dramatic impact.
In this talk, I will introduce the astrophysics code SNEWPY. By providing all the boilerplate code necessary to combine work by nuclear astrophysicists, theoretical particle physicists and experimental particle physicists, SNEWPY has enabled closer collaboration and dramatically reduced the time necessary to generate physics results. SNEWPY was also incorporated as a dependency into multiple third-party codes, making them more versatile while avoiding duplication of effort and reducing the risk of bugs.
I will illustrate how writing code that is FAIR, maintainable, reproducible and accessible has connected these communities and improved physics research outcomes."
2024,785617,52,Re-runnable code is all you need,Talk,Software,N/A,High,"This talk focuses on Devbox, a general-purpose tool for reproducible computing environments applicable across research domains, making it a cross-cutting software/reproducibility tooling topic.","Reproducibility is fundamental to scientific integrity but is increasingly compromised by the common practices of publishing papers without code, or sharing code that cannot be executed easily on another computer due to unmanaged dependencies and computing environments. This talk introduces the landscape of tools that enable researchers to overcome these barriers, with a focus on Devbox, a tool designed to encapsulate computing environments. With Devbox it is easy to ensure that scientific code is not just runnable but also replicable across various systems. By highlighting specific case studies, this session demonstrates how Devbox and similar technologies can transform research workflows, dramatically saving time with automation, making it easier to collaborate, and enhancing the credibility of results. Attendees will gain actionable strategies to implement a culture of reproducibility, making their research transparent and reproducible with minimal effort."
2024,777347,24,A gentle guide to using the {targets} package for analytic pipelines,Walkthrough,Software,N/A,High,The talk is about using the {targets} R package as a general pipeline tool for analytic workflows—a cross-cutting reproducibility/software practice applicable across domains.,"Data analysis is an iterative process. Data cleaning, exploratory data analysis (EDA), and model fitting are rarely run without a hitch from start to finish. Each step takes time, and often requires revisiting earlier steps to correct for newly discovered problems. For example, in performing EDA, you can unearth a text issue that requires revisiting data cleaning. When you are finally done with the analysis, you will need to reproduce it to check it all works as expected.

To reproduce the analysis, there is a temptation to run the code again from the top, which may take a long time. You can save time by saving model outputs, but if you make a change to an earlier data cleaning step, you’ll need to update everything that depends on that. You can write code to manage these dependencies, but this is a hard problem. Fortunately, “pipeline tools” are an existing approach to manage these dependencies. They take care of the details of watching which files and relevant code changes, and only run the necessary parts. The {targets} R package is one popular pipeline approach, providing extensive documentation and user support. However, it presents a different coding practice that might not be familiar.  

In this interactive walkthrough, I will gently introduce the ideas behind {targets}, and will live code a data analysis using {targets} from scratch, warts and all. I encourage questions throughout the live coding walkthrough, so you can understand the process and see how this could benefit your own work."
2024,784621,49,The HPC and RSE Experience Programme,Poster & Lightning Talk,Community,N/A,High,"This is about a career pathway/training programme for RSEs, focused on people and professional development.","The Imperial College Research Computing Service is running a programme that will create a pathway into RSE and HPC careers. This program is called the HPC and RSE Experience Programme and is a six month job for Early Career Researchers wanting to dip their toes in the world of HPC and RSE. This program gives them exposure to working as an RSE and working alongside the HPC sys admins and user support staff. We are enthusiastic about this programme, it is a great training and career development opportunity for the participants and it expands the pool of RSE and HPC-aware researchers in the wider community. We have run three iterations of this and the fourth one will be starting a couple of months after RSECon24. We would like to use this poster as an opportunity to discuss ideas with the community to improve the structure of the programme and encourage other RSE groups to run similar programmes."
2024,789202,165,Impact of Using A Modern Compiler and Optimized Workflow on the Performance of a Complex Nuclear Fusion Application for ITER,Poster & Lightning Talk,Research,Software,High,"This talk centers on optimizing PARTICLE-3D, a nuclear fusion application for ITER, making it domain-specific research software, though it offers generalizable optimization methodology.","Harnessing the vast computational power of HPC systems empowers us to expedite and magnify our efforts, effectively addressing intricate challenges spanning various domains. Yet, optimizing scientific applications to fully exploit this potential necessitates substantial expertise and dedication to code optimization.
This work presents a pragmatic approach tailored to enhance the performance of PARTICLE-3D (P3D), a nuclear fusion application code crucial for simulating runaway electron dynamics—a critical aspect impacting the operational lifespan of nuclear fusion machines like ITER. Transitioning from a legacy compiler dependency, the authors identified performance bottlenecks within the serial version of the code, particularly pertaining to I/O communication between subroutine calls. By meticulously restructuring the code and refining inter-subroutine communication, the article highlights the process adopted by the authors to unlock embarrassingly parallel computation workflow on the HPC cluster. The optimized version of P3D exhibits a performance improvement of several orders of magnitude compared to its base version. These optimizations not only elevated the performance but also improved the code portability, ensuring seamless integration with diverse HPC architectures equipped with modern compilers. 
The methodology described here can serve as a valuable case study for early researchers and code developers to enhance the performance of any such code designed for problems characterised by the similar algorithmic topologies."
2024,785827,57,Performant Python Patterns: Small changes to speed up your Python code,Talk,Software,N/A,High,General-purpose Python performance techniques applicable across domains; cross-cutting software engineering practice.,"Python is a highly accessible programming language commonly used by researchers, most of whom are not formally trained programmers. It’s easy to get software working with Python, and equally as easy to overlook the requirements for your Python code to be performant.

This interactive talk presents multiple versions of common Python programming patterns, attendees will have the opportunity to vote (via Wooclap) for which they think is fastest or the expected speedup, before the answer is displayed and explained.

Writing performant code is often overlooked but can increase research productivity, improve shared resource availability (e.g. HPC) and reduce energy usage. This talk aims to expose how some small changes to Python code, and using packages such as NumPy and pandas correctly, can lead to big performance improvements."
2024,788454,114,Developing PyCam: Software for acquiring and processing volcanic UV SO2 camera data,Poster & Lightning Talk,Research,Software,High,"PyCam is software purpose-built for volcanology (SO2 monitoring in volcanic plumes), a specific research domain. Cannot describe without naming the discipline.","Monitoring of sulphur dioxide (SO2) emission rates in volcanic plumes provides valuable insights into the state of a volcanic system, aiding eruption forecasting efforts for many volcanoes worldwide. SO2 cameras exploit the strong absorption signature of SO2 at ultraviolet (UV) wavelengths to measure emission rates with UV-sensitive cameras. However, this approach has been limited by the cost of traditional scientific-grade equipment. In 2016 a group from The University of Sheffield developed PiCam UV, an imaging system based on a low-cost modified visible imaging detector that produces comparable data to traditional equipment at a fraction of the cost.

Whilst previous work has developed open-source libraries for processing SO2 camera data, the software has been complex and incredibly difficult for end users to utilise. Development of the PyCam software began in mid-2019 to provide a user-friendly, graphical interface for interacting with PiCam systems, i.e. remotely adjusting settings and on- and off-line processing of collected data. RSE involvement began in early 2023 and will continue until at least 2025, with the aim of improving the quality, sustainability and usability of the software going forward. This is of particular importance to this project since the end users may not be experts in remote sensing or programming, but need to generate reliable SO2 emission rates to combine with other strands of volcano monitoring data (e.g. seismics).

Here, we give a brief overview of the PiCam hardware and PyCam software, describe the work already completed to improve PyCam, and outline the future work planned."
2024,788715,148,Reproducible distributed research in practice,Talk,Software,N/A,High,"This describes a general-purpose tool ('orderly') for reproducible research workflows and data provenance, applicable across research domains rather than tied to a specific discipline.","Have you ever tried version-controlling a data set with git and then using code from the same git repository to track it? Or tried to track different versions of outputs from one analysis as you use them in another? Or shared and collaborated on those analyses outputs as you might share code, docker containers or virtual machines? If so, you have probably run into limitations of our current tooling, just like all the other researchers who hit these problems every day.
In this talk we show how a multilingual distributed analysis approach we developed enables researchers to stop thinking about the details and facilitates collaboration and reproducibility.  Our approach (""orderly"") tries to address shortcomings in existing data-versioning and workflow tools to enable researchers to automatically track provenance in data and analysis products as they move from output of one analysis to inputs in another. Our tool is neither a workflow or data-versioning tool that forces data to behave like code. Instead, it leans on metaphors from containerisation by allowing researchers to compose together analyses from building blocks of previous analyses which expose a simple interface describing their inputs and outputs.  Our system is designed to be progressive, scaling from a single user on a laptop to a distributed collection of researchers sharing ""packets"" of data via a web application.
The world probably does not need more workflow tools, but our experience indicates there are important researcher needs in data management that are still poorly met."
2024,784483,48,"Solving the right problems: Requirements capture for large-scale, evolving research software",Talk,Research,Software,Medium,"This talk is about a domain-specific research software (OpenScan) for clinical trial/medical device data, focused on its redesign and requirements capture. The methodology (requirements capture) is general, but the subject is a specific health-research tool.","A key challenge in designing sustainable research software is evaluating and meeting ongoing user needs. OpenScan is a National Institute for Health and Care Research Innovation Observatory (NIHRIO) project that collects, standardises, analyses, and publishes international clinical trial and medical device data. Since OpenScan's initial development, NIHRIO has faced challenges with maintaining, expanding, and fully utilising the project for their research, in part due to its complex technical stack and Amazon Web Services (AWS) infrastructure. 
NIHRIO enlisted the Newcastle University RSE Team to update and re-design components of OpenScan to address these issues. We began by evaluating and documenting the design, including how NIHRIO currently uses OpenScan. We then captured the long-term requirements of NIHRIO's developers and researchers. This process highlighted that, in addition to NIHRIO's stated requirements, we needed to address challenges with account management, documentation, and reproducible workflows.
In this talk, we discuss capturing OpenScan2's requirements using interviews, user stories, and work packages. We highlight one of the workflow challenges that we uncovered: updating the web scrapers that collect OpenScan's data. Finally, we show how we designed new solutions to address these barriers.
OpenScan's redesign demonstrates the importance of requirements capture when developing and (re-)designing research software. Ultimately, ensuring we solve the right problems will help make OpenScan a sustainable resource that enables innovative research on medical progress."
2024,788412,105,OpenGHG - A community platform for greenhouse gas data analysis,Talk,Research,Software,High,"OpenGHG is a domain-specific platform built for greenhouse gas research, clearly tied to atmospheric/climate science.","To address the urgent need to understand changes in greenhouse gas (GHG)  emissions, there has been dramatic growth in GHG measurement and modelling systems in recent years. This growth has led to substantial challenges; to date, there has been little standardisation of data products, and the interpretation of GHG data requires combined information from numerous models.
    OpenGHG is a platform that offers data retrieval from various public archives, data standardisation, and researcher-friendly data analysis tools. It helps researchers overcome the challenges posed by independent networks,  archival standards, and varying spatial and temporal scales in greenhouse gas research. OpenGHG has an internal set of standards into which different data formats are converted. It offers data analysis and visualisation tools, a Jupyter Notebook interface, and will offer options for both cloud and local installations. Additionally, to handle large data we have employed the Zarr storage system for efficient file storage handling

    This presentation will demonstrate recent developments in OpenGHG and its use in the development of a prototype ""operational""  emissions evaluation system for the UK, the Greenhouse Gas Emissions  Measurement and Modelling Advancement (GEMMA). This system will combine bottom-up (inventory-based) and top-down (observation-based) approaches to evaluate emissions in near-real time.  An attempt will be made to shed light on some of the challenges faced and associated success stories that occurred during the development of this flexible and extensible community-led software to tackle scientific and technical challenges."
2024,788446,113,EVERSE: European Virtual Institute for Research Software Excellence ,Poster & Lightning Talk,Community,Software,High,"EVERSE is a profession-wide, cross-organisation initiative establishing frameworks, networks, and recognition for research software quality across Europe — a community/policy infrastructure effort rather than a specific tool or domain research.","EVERSE (European Virtual Institute for Research Software Excellence) is an EC-funded project that aims to establish a framework for research software excellence. The project brings together a consortium of European research institutions, universities, and infrastructure providers to collaboratively design and champion best practices for high-quality, sustainable research software. You can learn more about the project at https://everse.software/
The primary objective of EVERSE is to create a community-driven framework that empowers researchers and developers to produce, maintain, and share high-quality research software. The project will achieve this by consolidating existing best practices, developing the Research Software Quality Kit (RSQkit), integrating tools and services for software quality assessment, and engaging with the research community through pilots, training, and recognition initiatives.
EVERSE will establish a European network for research software quality, fostering collaboration among researchers, developers, and infrastructure providers. The project will actively engage with five European science clusters, ensuring that the developed framework is tailored to the specific needs of each scientific domain. These are: ENVRI-FAIR (environmental research), EOSC-Life (life sciences), ESCAPE (astronomy and particle physics), PaNOSC (photon and neutron sciences), and SSHOC (social sciences and humanities).
By championing research software quality and providing a supportive ecosystem for sustainable software development, EVERSE will contribute to the advancement of open science and reproducible research across various scientific domains. The project's outcomes will benefit researchers, research software engineers, and the broader scientific community, ultimately enhancing the quality, reliability, and impact of research software in Europe and beyond."
2024,788568,127,On the Tension between Agile Methodologies and Research Software,Talk,Software,Community,Medium,"This talk discusses agile software engineering practices as a cross-cutting methodology applicable to research software broadly, not tied to a specific domain. It also touches on profession/community aspects of how RSEs work.","Over the last decades, software professionals have embraced agile development as the de-facto way of building software, but these practices have not seen widespread adoption in academia. In this talk, we will look at the reasons for this lack of adoption and how agile practices may be better adopted and adapted for the academic context.
Practices like pair programming, test-driven development, and daily standups are part of the toolkit of every software engineer in industry. However, the adoption of these practices in research contexts is limited. The research community recognises this issue, and there are multiple community efforts to improve engineering practices within research software, with initiatives like The Turing Way and The Carpentries.
Using our personal experiences –-both in industry and academia–- we will explain the unpopularity of agile in academia. We propose there is a tension between agile practices and the academic environment. For example, pair programming is incompatible with doctoral projects where a single student handles most of the coding; and daily standups are challenging with collaborators from different departments or universities.
We will discuss:
The range of agile practices available.
How industry and academic contexts differ.
How well different practices work in different contexts.
How agile practices might be adapted to various academic contexts.
We believe agile practices need to be translated to properly work in an academic context. In this talk, we describe our successful and unsuccessful attempts to develop academic-compatible agile practices, and discuss what we learned."
2024,788757,151,An introduction to Triplestores and the SPARQL Query Language for RSEs,Walkthrough,Software,Community,High,"This is a tutorial introducing a general-purpose technology (triplestores and SPARQL) applicable across domains, fitting cross-cutting Software tooling. FAIR data is mentioned but the focus is on the technology itself.","Triplestores are a form of graph database designed to store highly structured web-accessible data. They are widely used to store data that can be described in a consistent manner. The underlying data structure used in triplestores is also used to describe controlled vocabularies, such as DCAT - a vocabulary used to describe data catalogues. Knowledge of the structure of triplestores, and the related use of controlled vocabularies to describe datasets, increases an RSE's set of tools that can be used to publish, access, and understand data that that follows recognised standards. Triplestores and controlled vocabularies are key technologies in helping data become more Findable, Accessible, Interoperable, and Reusable (FAIR). 
This walkthrough will briefly introduce the technology stack generally used for hosting triplestores as well as the underlying data structure that is required to store data in a triplestore. I will then demonstate the power of the query language used for triplestores, SPARQL. I will exemplify the use of SPARQL via a range of SPARQL endpoints that exist in the wild across several subject domains, including the triplestore representation of the structured elements of Wikipedia, as well as scientific and geospatial examples providing access to large, diverse datasets. I will show some of the more advanced features of SPARQL, and how these compare with other APIs which may be more familiar to the audience. Finally, I will discuss the idea of federated querying, where a single query can be used to retrieve data from different databases distributed over a network."
2024,788186,99,Effortlessly creating Python packages with good practices.,Workshop,Software,Community,High,"Interactive session on a general-purpose Python package template applicable across domains, focusing on software engineering best practices.","In this interactive session we will be creating a Python package from scratch. In order to create the package, the Python template developed by the Netherlands eScience Center (NLeSC) will be used (https://research-software-directory.org/software/nlesc-python-template). This template is used by the Research Software Engineers (RSE) of NLeSC and well adopted by the community of RSEs. The generated package will include the good practices used at the Netherlands eScience Center. Such generated package will have necessary components right at the start of the development process. Some of the features of the generated package are listed below.
Boilerplate unit tests and documentation
Python static analysis setup configuration
Open-source software license
Continuous integration with GitHub action workflows for building, testing, link checking and linting
Code style checking
Editor configuration
Usage and contribution documents:
documentation for package users
documentation for package developers
extensive documentation about project setup
Code of Conduct
Contributing guidelines
Continuous code quality and code coverage reporting using Sonarcloud
Automatic creation of issues with instructions how to pass all GitHub action workflows and integrate with services like Zenodo and Read the Docs
Instructions how to make package citable
FAIR software recommendation badge
Optional pre commit hook to catch lint errors early"
2024,788584,129,Introducing Isambard-AI: new leadership-class UK facility to advance AI,Workshop,Software,Community,Medium,"Isambard-AI is a general-purpose AI supercomputing platform serving researchers across disciplines, which fits the cross-cutting Software/infrastructure category.","The workshop aims to present Isambard-AI to the UK RSE community. This is a new leadership-class supercomputer funded by the Department of Science Innovation and Technology (DSIT) and UKRI to quickly address the lack of national AI-capable supercomputing facilities for open research. Isambard-AI is one of the new AI Research Resource (AIRR) sites. The full Isambard-AI system will support a significant step-change in AI-enabled research in the UK. During the workshop the system, the service, best practices to run AI workloads and the mechanism to access resources will be presented to the RSE community, so Research Software Engineers embedded in research teams all across the UK can start work and inspire scientists across disciplines to incorporate AI methods in their day-to-day research workflows in order to achieve better and faster time-to-science."
2024,787282,63,Automatic Assessment of Software Quality Indicators,Talk,Software,Community,Medium,This talk is about KPIs/metrics for assessing research software quality in general — a cross-cutting software engineering practice applicable across domains. It also touches on profession-wide initiatives like FAIR/HERMES publication infrastructure.,"Software plays a vital role in research, but we do not know much about it's quality. There are no well defined indicators or even measurements, despite the software often being written by domain researchers with basic software engineering skills.
In this talk we want to introduce a set of key performance indicators (KPIs) provided by a working group of the German Helmholtz Association and present the results of a discussion we had in context of the HERMES project regarding them.
The goal of the suggested KPIs is to support assessment and evaluation of the quality of Research Software and datasets. While the set of indicators is not fixed yet, the working group already published a first draft of the metrics they are about to use at ArXiv. This involves an adopted maturity model (COBIT) with indicators for different dimensions.
The Hermes project regards KPIs as important metadata for the given artifacts, especially for Research Software. As Hermes is all about publication of software (and datasets) with rich, automatically collected metadata, it was our natural reaction to look into the planned indicators."
2024,787309,64,Discovering and bridging knowledge gaps between research software engineering and software engineering research,Talk,Community,N/A,High,"This talk is about bridging two communities (RSEs and software engineering researchers), focusing on profession-wide collaboration and community-building rather than a specific tool or research domain.","As RSEs, we apply software engineering methods, practices, and tools to research software. And despite the fact that - statistically - many of us haven’t had formal education in software engineering, we are the software experts in (academic) research in practice.
It's therefore astonishing that as a community, we haven’t traditionally had strong links, active communication, and frequent reciprocal collaborations with the other academic community that is concerned with software engineering methods, practices, and tools: software engineering researchers. Similarly, most software engineering researchers haven't studied research software and its community of developers, although both often are located in the SE researchers' own institutions. There is clearly a gap between our two communities, although it seems clear that we should be able to benefit from each other considerably: RSEs by having access to state-of-the-art software engineering knowledge, methods and tools, and software engineering researchers by gaining a whole new community of practice and their artifacts to investigate.
In this short presentation, we shine a light into the gap between the communities and on recent activities aiming to bring them closer together to unlock mutual benefits. We report on a Dagstuhl Seminar (https://www.dagstuhl.de/24161) where international representatives of the two communities met to understand each other better, find a common language, discover and identify knowledge gaps, and collaborate to build bridges that can potentially cross these gaps in both directions. We also present a common working group where a national RSE association and a national society for computer science come together to enable future collaboration."
2024,785738,56,"Mining RSE repository timelines on GitHub: How long will it live, and who will notice?",Poster & Lightning Talk,Research,Community,Medium,"This is a research study analyzing RSE repository practices on GitHub - it's about understanding the RSE profession/community practices through data mining, producing insights about what makes research software repositories successful. It's meta-research about RSE practices.","Do your research software repositories have licenses? Do you use issues? Have you added contributing guidelines? And more importantly, does it make a difference? We mined ePrints publications and GitHub repositories to find out. We first scanned around 200,000 publications from UK universities for links to GitHub. Then, we manually identified links that pointed to software created for the publication to make sure that we were in fact looking at research software. Finally, we pulled a broad range of data about those repositories using the GitHub API and transformed those into a time-lined format. This allows us to analyse the lifecycle of a repository – when do potential users and contributors discover it, and when do they start engaging with the code, if at all? What aspects make or break the community’s engagement with your source code? Among other findings, our exploratory analysis suggests that leading by example encourages externals to submit issues and commits as well, and that repositories that manage to grow their contributor pool continue to increase their stars for longer. The resulting code base and data are publicly available on GitHub (https://github.com/softwaresaved/rse-repo-analysis)."
2024,787917,78,Run-time data visualisation in C++ with morphologica,Workshop,Software,N/A,High,"morphologica is a general-purpose C++ visualization library applicable across domains, not tied to a specific research discipline. It's a cross-cutting tool for RSEs.","As Research Software Engineers, we develop computer programs for scientific study. Often, a program describes a model of a system which may be used to make predictions or to test a hypothesis. These models may contain many state variables and the process of debugging and program verification can be aided by visualising the variables.

Sometimes, the best choice of programming platform for the model is a general purpose CPU with the program expressed in a compilable language such as C++. However, there is a limited selection of data visualisation libraries available for C++ and this can impede the development process.

morphologica is a relatively new library for visualisation in C++ programs. Developed at the University of Sheffield, it uses modern, shader-based OpenGL techniques to draw 2D and 3D graphs and objects with minimal processing overhead. It achieves this in a header-only design which is easy to integrate into a C++ program.

Users of morphologica are not expected to learn OpenGL techniques directly; custom visualizations can be achieved by using graphics primitives or with only a basic knowledge of how a triangle mesh is created for GL rendering.

morphologica has been used in a number of published scientific studies and is also used by the Research and Development teams at Opteran Technologies to aid algorithm development.
This workshop will guide participants through the process of incorporating morphologica data visualisation into their own C++ programs."
2024,784163,41,Scaling up computational reproducibility practices in research organisations - how to influence change,Workshop,Community,Software,Medium,"This talk is about a framework for scaling reproducibility practices across research organisations, focused on organisational change, leadership, and profession-wide initiatives rather than a specific tool or domain.","Attendees will learn how to use a framework created to assist research organisations in understanding how reproducibility (including computational reproducibility) can be scaled up internally. The framework can be used by a range of internal stakeholders with differing goals, such as institutional leaders seeking to align organisational strategies, or managers wishing to provide the support that staff in their part of the organisation may be seeking. 

The framework is a part of a report on how the practice of conducting research in a reproducible way can be scaled up from pioneers to the majority of researchers and research support staff.  Attendees will be introduced to the types of practices that assist individual researchers, research support staff, and managers to scale up practices that improve research reproducibility. Note that this framework is focused on how well organised an organisation is at scaling up reproducibility practices (i.e., access and coordination), not the maturity of reproducibility practices and how well they adhere to what is commonly understood to be best practice in reproducibility. The framework can be used to assess current practice, and facilitate discussion about priorities and directions. 

This report was commissioned by Knowledge Exchange, a group of national organisations from six European countries supporting research infrastructure and services to enable the use of digital technologies to improve higher education and research: CSC in Finland, CNRS in France, DeiC in Denmark, DFG in Germany, Jisc in the UK and SURF in the Netherlands."
2024,788526,121,A Data Downpour: Extending long-term UK climatological rainfall series by blending rescued historic data with current station sources.,Talk,Research,Software,High,"This talk centers on building software for a specific domain (UK climatology/rainfall data), blending historic rescued data with current sources to advance climate research. It's domain-specific research software.","The Rainfall Rescue project was a remarkable effort to digitise historic UK monthly rainfall data. After scanning 66,000 pages of journals and weather logs dating back to the 17th century, the project, with the help of over 16,000 volunteers, transcribed 5.2 million observations stored in the Met Office National Meteorological Archive. This effort brought a wealth of historic data back to life.
Considering this newly recovered data, our project set out to create a comprehensive, fully traceable, blended monthly rainfall series for the UK that merged Rainfall Rescue with other primary sources, including MIDAS open (Met Office Integrated Data Archive System), which contains a large publicly available collection of UK mainland surface observations.
A key challenge when blending data sources is to avoid duplication. To tackle this, we developed efficient software to match combinations of gauge locations, station names and accumulated values. Once matched with certain criteria, we were able to extend back records of existing sites in our primary database, incorporating new data whilst preventing double counting.
As a Scientific Software Engineer (the Met Office equivalent of an RSE), I will present an overview of techniques and tooling we applied for this task, following the Research Software Development Principles to deliver maintainable and reproducible software. I will outline the methodologies and challenges of this work and emphasise steps we took to allow traceability and configurability. The preliminary results from this project have extended records for numerous sites, offering a richer monthly rainfall series to advance climate monitoring and research."
2024,788662,139,Intersectional EDIA and Allies: celebrating the highs and weathering the lows,Birds of a Feather,Community,N/A,High,"This session focuses on EDIA, intersectionality, and supporting marginalized RSEs and allies—clearly about people and the profession.","This session will bring together RSEs with an interest in equity, diversity, inclusion, and accessibility (EDIA) for discussions with an intersectional lens. We expressly invite anyone who comes from any background to share their stories, ideas, tips, or just a safe space, whether you’re someone with one or more marginalised backgrounds or whether you’re an Ally who wants to support others around you. 
Our session will start with quick introductions, lightning talks, and pitches for breakout sessions, and we’ll spend most of our time in smaller self-selected breakout groups, before reporting back as a larger group. In order to facilitate a safe space, we’ll use the Chatham house rule (https://www.chathamhouse.org/about-us/chatham-house-rule) to preserve anonymity of participants whilst still allowing reporting-back and future actions. 
🩼🦄♿️🏳️‍🌈🥄 Bring your unicorns, walking sticks, rainbows, or anything else you’d like to share and celebrate your identities with pride."
2024,788797,154,Demystifying Large Language Models,Talk,Software,Community,Medium,"This is an educational talk explaining how LLMs work conceptually—a cross-cutting AI topic relevant to RSEs broadly, not tied to a specific research domain or specific tool.","Large language models (LLMs) have taken the world by storm over the past year or two, sparking a huge number of LLM-powered tools, products and start-ups. However, despite being readily accessible to us all, how these models work remains a mystery to many of us.
This talk will demysitify LLMs by providing an intuitive understanding of how they build upon key prior advances to successfully cross the uncanny valley of text generation, and provide an overview of the surprising range of other tasks mastering this ""one weird trick"" seems to let these models perform.
Participants will gain an intuition of how LLMs work by immersive participation in a human-powered ""large audience model"", as well as the opportunity to pit the latest LLMs against our very own RSECon Turing test.
This talk will provide participants with a conceptual understanding of how LLMs work, the history of prior advances that made them possible, and what makes these models ""foundational"". It will also explore some of the strengths and limitations of these models, including examples of where they do surpisingly well and where they can struggle with suprisingly similar tasks.
This talk won't make you an expert on word embeddings, deep neural networks or transformers, but it will give you a peek behind the curtain of how these seemingly magical models work and hopefully give you some tools to explain them to friends and family in an intuitive way."
2024,788051,85,Towards adoption of FAIR4RS: equipping researchers with FAIR research software skills,Panel,Community,Software,High,"Panel about training researchers in FAIR4RS principles, focused on community/profession-wide initiatives and training curriculum, not a specific tool.","Recently there has been growing recognition that research software, defined as “source code files, algorithms, scripts, computational workflows and executables that were created during the research process or for a research purpose”[1], should adhere to the FAIR (Findable, Accessible, Interoperable and Reusable) principles[2], as well as meeting broader open research goals such as reproducibility. A set of FAIR guidelines for research software (FAIR4RS) has been developed to provide a framework for the development of FAIR research software[1]. However, many researchers require additional practical support to meet these guidelines. Training is one aspect of cultural change needed to promote uptake of the FAIR4RS principles[3].

During this panel discussion we will consider the challenges involved in equipping researchers with the skills needed to create FAIR research software: what topics need to be covered, how can we reach our target audience, how can we fund these activities and how can we motivate trainees to carry forward the FAIR4RS principles?

This panel will benefit members of the community who are involved in training researchers in better research software practices or who work in settings where research outputs include software. We invite attendees to share their experiences and pool ideas for future provision of FAIR4RS training within the RSE community.

[1] Barker et al., 2022, ‘Introducing the FAIR Principles for Research Software’.
[2] Wilkinson et al., 2016, ‘The FAIR Guiding Principles for Scientific Data Management and Stewardship’.
[3] Barker et al., 2024, ‘The FAIR for Research Software Principles after two years’.
Panel members
Neil Chue Hong, University of Edinburgh, Software Sustainability Institute
Sarah Jaffa, University of Manchester
Carlos Martinez-Ortiz, Netherlands eScience Center
Romain Thomas, University of Sheffield
Samantha Wittke, CSC - IT Center for Science, Finland"
2024,783358,39,Tracking the Carbon Cost of Optimization Algorithms: A case study,Talk,Software,N/A,High,"FitBenchmarking is a cross-cutting tool for comparing optimization algorithms, and the talk focuses on adding a carbon emissions metric—a sustainability tooling concern that applies broadly across research domains.","One of the biggest global challenges is tackling climate change and building a sustainable future. The IT sector is estimated to account for 2-6% of global carbon emissions and is set to rise as much as 20% by 2030. Whilst software on its own doesn’t emit CO2, understanding the cost of running it is important so that the way it is developed, and the way it is used, can be optimised for minimal carbon emissions. There are several carbon tracking tools available for estimating hardware electricity power consumption, allowing users and developers to quantify the carbon cost of running a program and identify areas for improvement.
FitBenchmarking (https://fitbenchmarking.github.io/) is an open source Python package that allows users to compare the performance of different optimization algorithms and their implementations across various fitting problems, through metrics such as runtime and accuracy. In this talk, I will outline how a new carbon emissions metric has been added to FitBenchmarking, some of the challenges faced along the way, and the insight that reporting emissions offers developers and users of fitting software."
2024,783643,40,Finding the Weather and Climate RSE Community - knowledge exchange and the next steps for the flock,Birds of a Feather,Community,Research,High,"This is about forming/finding a community of RSEs working in weather and climate, discussing SIG formation and networking - a community-building event, though tied to a specific domain.","Weather and climate research is an exciting and important field, today and for the future. Research software engineers play a crucial part in building and maintaining the large simulation models at numerous institutions in the UK and worldwide, processing and analysing the ever growing observational and simulated datasets, and developing the future infrastructure to deliver impact from cutting edge research. While there are pockets who are working to enable knowledge exchange (e.g. the Met Office Academic Partnership (MOAP) Community of Practice for Research Software Engineers and Scientific Software Engineers), we are missing an open and inclusive community for everyone working or interested in this field. 
…Or are we?
This event is aimed at bringing together Climate and Weather RSEs to learn from one another, network to form lasting partnerships, and discuss whether and what we are missing as a community. Do we want to form a Special Interest Group under the RSE Society? Do we want regular meetings or seminars? Or do we just need signposting to existing ones? What are the next steps for our community?
We will have presentations from various groups and institutions in the field, a panel discussion, and facilitate opportunities for networking and knowledge exchange."
2024,784373,43,HPCRSE@RSECon24: 3rd annual meeting of the HPC RSE community,Birds of a Feather,Community,Software,Medium,"This is a community meeting for HPC RSEs focused on peer support, career progression, networking, and community building, though with technical HPC content as well.","This event brings together the community of RSEs working in High Performance Computing (HPC). The community covers a range of RSE roles from development of research software to support of HPC facilities, providing support to researchers. Our objectives are to provide peer support across the RSE HPC community, share experience and best practice, foster an open, self-sustaining community and collaborate with other, associated communities and organisations.
The aims of the event are to share knowledge about the current “state-of-the-nation” in HPC, discuss topics of interest in the community, understand community priorities and needs, create a forum for network building and provide peer support to HPC RSEs: particularly those new to the HPC area and those working without support from a large RSE group.
The event is split into two sessions: technical and training/community, with a break in between where HPC service providers can display small posters with updates on their services. Each session starts with two short presentations for setting the scene, followed by a panel discussion. In the technical session, HPC centres are invited to give lightning updates to support their poster submissions. Based on discussions in previous events, we have identified the some topics of particular interest, but the discussion will be driven by the attendees on the day (both online and in person). Proposed technical topics: technological developments (e.g. new accelerator technology, exascale, new service), parallel programming approaches, AI/ML. Proposed training/community topics: training for RSEs, HPC RSE career progression/skills, community organisation and sustainability."
2024,784433,45,Environmental impact and social responsibility in large scale HPC services: ARCHER2 case study,Talk,Community,Software,Medium,"This talk focuses on environmental sustainability and social responsibility of HPC services, addressing profession-wide concerns about emissions, wellbeing, and outreach. While ARCHER2 is a specific HPC platform, the discussion centers on cross-cutting sustainability practices and community advocacy applicable across DRI.","A period of major change is coming up in the UK HPC landscape both in terms of the services that will be available and the focus on environmental impact and social responsibility of HPC services. In this presentation I will give an overview of ongoing work associated with the environmental sustainability and social responsibility of the UK National Supercomputing Service, ARCHER2. This will cover the understanding and quantification of emissions associated with a large-scale HPC installation, ideas for reuse of waste heat, and work to protect and improve the biodiversity associated with the ACF data centre. I will also set the quantitative emissions estimates for ARCHER2 in context by comparing to other sources of emissions. Understanding emission is the first step, to have a wider impact, HPC emissions data need be exposed to users of HPC systems. We will discuss approaches for this to allow researchers to make informed decisions on how they maximise the environmental efficiency of their HPC use. In addition to environmental impact, the presentation will touch on social responsibility aspects including staff wellbeing and wider outreach work. Although much of this work has been centred around ARCHER2, many of the lessons learned and approaches taken are applicable across Digital Research Infrastructure (DRI) more generally, and provide a useful guide to which areas of environmental impact and social responsibility are well understood and where more work is needed by the community."
2024,787374,65,Building an efficient Continuous Integration workflow on HPC systems,Talk,Software,N/A,High,"This is about CI/CD practices and tooling on HPC systems, a cross-cutting software engineering topic applicable to RSEs broadly, not a specific research domain.","Continuous Integration (CI) is a central cornerstone of modern software development practices, but its usage in High Performance Computing (HPC) contexts brings a set of challenges that are yet to be tackled fully across different libraries and computing centers.
We want to share our own path in the development of a modern HPC library, moving from a single development node to multiple nodes and onto SLURM-managed HPC systems. We will cover the following topic areas:
Container image generation and deployment
Rootless container execution and custom executors
Interaction with SLURM through a custom executor or ephemeral runners
Accounting and security model
Build performance profiling and optimization
Test performance and split build/test execution
What do we need from computing center operators?"
2024,787553,68,Utilising the flexible simulation software REvoSim for advanced evolutionary and ecological modelling,Poster & Lightning Talk,Research,N/A,High,"REvoSim is a domain-specific simulation tool for ecology and evolution, used here to study predation and species diversity—a specific research question in ecology.","The study of ecological trends and the mechanisms which drive them are pivotal for advancing our understanding of biodiversity and ecosystem functions. While traditional field studies are invaluable, they often face limitations due to the complexity and scale of natural systems. Computational models, such as REvoSim, offer a versatile platform for simulating ecological interactions and evolutionary trajectories, with exceptional flexibility in parameter manipulation. This allows for the detailed modulation of environmental conditions, behaviours of the digital organisms, and their interactions. 
This poster aims to demonstrate how REvoSim can be utilised to replicate real-world ecological trends and delve into the driving forces behind these patterns. The research specifically explored the impact of predation on species diversity across varying levels of environmental heterogeneity. The results of the simulation supported empirical data produced in field studies and further investigation aimed to explain why this phenomena occurs. 
By highlighting the capabilities of this software, this poster aims to showcase REvoSim's potential as a powerful tool for ecological and evolutionary research, offering the ability to test hypotheses and predict outcomes in a controlled yet dynamic digital system."
2024,787693,69,Publish your software! A walkthrough of JOSS (Journal of Open Source Software) submission to publication,Walkthrough,Community,Software,High,"This talk is about JOSS as a recognition venue for RSE work, addressing the profession-wide issue of evidencing RSE impact through publication.","Helping researchers make better software is the main goal of the Research Software Engineer and it can take multiple forms, from providing training and advice to creating a complete research software. 
Unfortunately, while it is clear that software has become a predominant part of the scientific process, as found out by different surveys [1,2], the true impact of the RSE is sometimes hard to evidence. This lack of evidence is in part because purely scientific publications tend to leave little place for the software part of the research process while favouring the scientific results themselves.
In 2016, the Journal of Open Source Software [JOSS] was created to tackle this issue. JOSS is a peer reviewed academic journal created with the objective of publishing papers about the research software themselves, giving the RSE world a perfect route for impact. Since its creation, JOSS has published more than 2400 papers in multiple scientific domains supporting works on complex modelling problems, research experiments and instruments, software libraries, etc...
In this walkthrough, we give an overview of the types of submissions published in JOSS and demonstrate the full life-cycle of the JOSS process, from the submission of the software and paper, to the review process and the final publication. We will explain both sides of the coin: the submitter and reviewer's point of views.
[1]: Hettrick, S., et al, It’s impossible to conduct research without software, say 7 out of 10 UK researchers. https://www.software.ac.uk/blog/2016-09-12-its-impossible-conduct-research-without-software-say-7-out-10-uk-researchers.
[2]: https://stanford-rc.github.io/stanford-software-survey/2021/two-thousand-twenty/"
2024,788672,141,RSE Competencies Toolkit: Building a practical framework of skills for RSEs,Workshop,Community,N/A,High,"This talk is about defining skills, competencies, and career pathways for RSEs as a profession — clearly about people and the profession.","In today's dynamic research landscape, RSEs play a pivotal role in bridging the gap between scientific innovation and software implementation. However, navigating the diverse skill sets and career pathways within the emerging RSE community can feel daunting. The RSE Competencies Toolkit project seeks to address this challenge by developing a robust framework designed to define skills, competencies, and progression pathways for RSEs, offering practical help to track and manage professional development.

In this interactive session, you will learn more about the specific aims and objectives of the toolkit, and ongoing work in this area across several adjacent projects. Through participatory breakout sessions, attendees will have the opportunity to contribute to the evolution of the toolkit. These collaborative sessions will focus on refining key aspects, including the skill framework and the mapping of specific skills to the 9 Research Software Development Principles. We will take a perpendicular slice of our project User Stories to describe a “life in a day” of an RSE that would result in the skills and experiences needed to make the project a success. We will also explore how the toolkit can be used by team leaders and managers to better understand and support their team’s development needs. Finally, we will convene to give feedback, and define the next steps and future roadmap for the project."
2024,788687,143,Practical diversity and inclusion for Research Technical Professionals: How you can help to make an impact,Workshop,Community,N/A,High,"This workshop focuses on EDIA (equity, diversity, inclusion, accessibility) within the RSE community — clearly about people and the profession.","Have you ever wondered ""What can I, personally, do to make a difference?"" Are you keen to understand more about diversity and inclusion in the research software community? Maybe you have avoided Equity, Diversity, Inclusion and Accessibility (EDIA)-related activities and events because you don't feel that there's anything you can contribute? Do you want to help to support others and make the community more open, inclusive, welcoming and diverse? Whether any of the above resonate with you or not, we aim to ensure that this session will offer something practical, useful and interesting for you to take away.

The RSE community continues to develop and there is still much that we can do to make it more diverse, more inclusive and more accessible to people from a wide range of backgrounds and technical capabilities. As a community of people who help to solve research and technical challenges as a key part of our work, we know the value of different perspectives, ideas and approaches in supporting novel and effective solutions.

In this workshop, we'll hear from members of our community who are working to better understand and address EDIA challenges. We'll look at examples of practical approaches for helping to make a difference within your team or community, regardless of your role or level of experience. We'll also have various interactive activities, such as group discussions and an audience-led panel discussion, to help share ideas and experiences and provide practical options for developing a more diverse and inclusive community."
2024,788689,144,Herb.jl: Teaching programs how to program,Talk,Software,Community,High,"Herb.jl is a general-purpose Julia library for program synthesis—a cross-cutting tool for developing program synthesisers, not tied to a specific research domain. Secondary touches on academic collaboration challenges.","Wouldn’t it be great if a computer could program itself? You simply tell it what you want, magic happens, and you have your program. While this is still a farfetched dream, here we will introduce you to Herb.jl, a Julia library that gets us a step closer to this big goal through program synthesis: the task of automatically generating programs from a given specification.

Herb.jl serves two main goals. First, it aims to provide a missing toolbox for developing new program synthesisers, which is currently missing in the community. Second, it aims to unify many different flavours of program synthesis under a joint framework, making existing program synthesisers easy to use on new problems.

In this talk we will give a high-level introduction to program synthesis. We will present Herb.jl and show how Julia facilitates the library development on one hand, but also algorithm speed and composability of the synthesis procedure.

We will also address the challenges of realising such a software project in an academic setting, where a mix of researchers, PhDs, students and RSEs contribute to the library."
2024,772206,13,SWC and the Community,Birds of a Feather,Community,N/A,High,"This is about Software Carpentry community governance and curriculum maintenance, focused on people, training, and profession-wide community structures.","Recent changes at the Carpentries have lead to changes in the governance structures of the Software Carpentry curricula development and maintenance. Community is core to how the Carpentries functions. This workshop, faciliated by the co-chair of the new combined SWC LPGC and CAC will explore with the UK SWC Carpentry Community their current experience and ways of moving forward. Through a world cafe style event there will be questions focused on the development of SWC curricula, maintenance and delivery. As part of the session we will identify priority topics for discussion or development, feeding directly into the new SWC lesson governance committee."
2024,774917,15,SQLite for scientists,Talk,Software,N/A,High,"This talk teaches general-purpose database tooling (SQLite, SQL, etlhelper) applicable across scientific domains, using volcanism data merely as an example. The subject is cross-cutting data management practice for researchers.","Excel is not a database.  As such, it lacks the data integrity constraints and flexible analysis methods that databases provide.  Nevertheless, it is widely used across science to store and process tables of data.  The aim of this presentation is to use SQLite, which is an open source database used in billions of applications, to demonstrate how easy it can be to use a real database instead.

I will use data from the Global Volcanism Program to show how data are stored, queried, filtered and analysed using Structured Query Language (SQL) methods such as GROUP BY and JOIN.  I will also show how ""relations"" can be used to build a sample database that separates concepts such as collection site and avoids repetition.

The tooling around SQLite has improved greatly in the last decade.  In this presentation, I use DbBrowser for SQLite as a general front-end, QGIS for custom forms and Datasette for sharing data across a network.  Finally, I will introduce `etlhelper`.  This is a Python library that we have developed at the British Geological Survey to simplify data transfer into and out of databases (including SQLite).  This makes using SQLite in scripted workflows even easier."
2024,787902,77,Empowering Ambassadors of Good Practice: The Software Sustainability Institute Fellowship Programme,Talk,Community,N/A,High,"This is about the SSI Fellowship and Mentorship Programmes, which build community ambassadors and develop people/profession around software sustainability advocacy.","In the ever-evolving landscape of research, software sustainability stands as a cornerstone for progress. The Software Sustainability Institute (SSI) is at the forefront of this mission, advocating for the recognition of software's pivotal role and championing better practices in its development and usage. Central to the SSI's activities is its Fellowship Programme, which is aimed at cultivating a community of ambassadors who champion good computational practices across diverse research domains. Through the Fellowship Programme, professionals are empowered to drive sustainable software practices forward, fostering collaborations and innovations that transcend disciplinary boundaries. In this presentation, I'll delve deeper into the Fellowship Programme, outlining its objectives, discussing its impact, and providing insights on the application process. Furthermore, I'll shed light on the recently launched Mentorship Programme, which is designed to enhance the impact and leadership skills of our Fellows."
2024,787923,79,RSE training and professional development BoF,Birds of a Feather,Community,N/A,High,"This is a BoF about RSE training and professional development, focused on community-building and forming a SIG, clearly about people and the profession.","A community building session for a range of people who share an interest or are actively working in the area of research software training and professional development of RSEs. We are looking to review the work that has been already done, and explore the priorities around training needs. We will define a roadmap of activities for a potential SIG, and how the group could leverage the support of the RSE Society.
We will explore multiple existing strands of training foci within the community, identify what the main strands are, scope those different strands and attempt to find effort within the community for taking the lead on them."
2024,788645,138,Building a Secure and Productive TRE: How I Learned to Stop Worrying and Proxy PyPI,Talk,Software,Community,Medium,"This talk is about a Trusted Research Environment - a cross-cutting platform/framework for handling sensitive data across research domains, not tied to a specific discipline. It's general-purpose infrastructure for researchers.","How can we achieve the right balance between security and productivity in research with sensitive data?
The world is awash with data that can be used to provide insights that benefit society. However, much of this data is effectively unavailable for use by researchers due to privacy concerns.
Unlocking access to this data requires building trust with the custodians who safeguard the data and with society as a whole. Traditionally, this trust has been secured by a ""security maximalist"" approach, either by design, or through excessive caution.
Here, we share the lessons of 6 years of working with over 50 data providers to support access to sensitive data for research under a flexible framework of information governance and technical controls.

We've built an open source information governance framework and reproducibly-deployable, cloud-based Trusted Research Environment (TRE).
In this talk we discuss:
- Making governance and security controls explainable to data risk holders
- Using a tiered risk model to help achieve shared consensus
- Supporting researcher effectiveness
- Where security and usability _don't_ end up being a trade-off
- The things you *don't* need in a locked-down environment
- The value of sharing governance models and TRE design choices openly
- The power of collaborating as a community to address shared challenges

Drawing on our experience, we will set out what a good balance between competing concerns looks like, what we do differently to other TREs, and how you can get involved with both our work and the wider TRE community."
2024,788669,140,A new RSE Group - the first 100 days,Talk,Community,N/A,High,"Talk about establishing a new RSE group, focusing on team-building, culture, and profession - clearly Community.",".jfk-bubble.gtx-bubble, .captcheck_answer_label > input + img, span#closed_text > img[src^=""https://www.gstatic.com/images/branding/googlelogo""], span[data-href^=""https://www.hcaptcha.com/""] > #icon, ::-webkit-calendar-picker-indicator, img.Wirisformula {
 filter: invert(100%) hue-rotate(180deg) contrast(90%) !important;
}[data-darkreader-inline-bgcolor] {
 background-color: var(--darkreader-inline-bgcolor) !important;
}
[data-darkreader-inline-bgimage] {
 background-image: var(--darkreader-inline-bgimage) !important;
}
[data-darkreader-inline-border] {
 border-color: var(--darkreader-inline-border) !important;
}
[data-darkreader-inline-border-bottom] {
 border-bottom-color: var(--darkreader-inline-border-bottom) !important;
}
[data-darkreader-inline-border-left] {
 border-left-color: var(--darkreader-inline-border-left) !important;
}
[data-darkreader-inline-border-right] {
 border-right-color: var(--darkreader-inline-border-right) !important;
}
[data-darkreader-inline-border-top] {
 border-top-color: var(--darkreader-inline-border-top) !important;
}
[data-darkreader-inline-boxshadow] {
 box-shadow: var(--darkreader-inline-boxshadow) !important;
}
[data-darkreader-inline-color] {
 color: var(--darkreader-inline-color) !important;
}
[data-darkreader-inline-fill] {
 fill: var(--darkreader-inline-fill) !important;
}
[data-darkreader-inline-stroke] {
 stroke: var(--darkreader-inline-stroke) !important;
}
[data-darkreader-inline-outline] {
 outline-color: var(--darkreader-inline-outline) !important;
}
[data-darkreader-inline-stopcolor] {
 stop-color: var(--darkreader-inline-stopcolor) !important;
}
[data-darkreader-inline-bg] {
 background: var(--darkreader-inline-bg) !important;
}
[data-darkreader-inline-invert] {
 filter: invert(100%) hue-rotate(180deg);
}:root {
 --darkreader-neutral-background: #131516;
 --darkreader-neutral-text: #d8d4cf;
 --darkreader-selection-background: #004daa;
 --darkreader-selection-text: #e8e6e3;
}@layer {
html {
 color-scheme: dark !important;
}
iframe {
 color-scheme: initial;
}
html, body {
 border-color: #736b5e;
 color: #e8e6e3;
}
a {
 color: #3391ff;
}
table {
 border-color: #545b5e;
}
mark {
 color: #e8e6e3;
}
::placeholder {
 color: #b2aba1;
}
input:-webkit-autofill,
textarea:-webkit-autofill,
select:-webkit-autofill {
 background-color: #404400 !important;
 color: #e8e6e3 !important;
}
::-webkit-scrollbar {
 background-color: #202324;
 color: #aba499;
}
::-webkit-scrollbar-thumb {
 background-color: #454a4d;
}
::-webkit-scrollbar-thumb:hover {
 background-color: #575e62;
}
::-webkit-scrollbar-thumb:active {
 background-color: #484e51;
}
::-webkit-scrollbar-corner {
 background-color: #181a1b;
}
* {
 scrollbar-color: #454a4d #202324;
}
::selection {
 background-color: #004daa !important;
 color: #e8e6e3 !important;
}
::-moz-selection {
 background-color: #004daa !important;
 color: #e8e6e3 !important;
}
}
At the UK Centre for Ecology and Hydrology we are in the process of putting together a new RSE group. We're starting with 6 engineers with a range of backgrounds and interests, working from a team that supports the whole environmental science organisation. 
This talk describes what we've experienced in the first 100 days - agreeing our goals, finding collaborators,  making ourselves and our services known to the organisation, building up a programme of workshops; encouraging a culture shift while adapting to a new culture ourselves. 
How have we succeeded? What do we wish we'd known when writing this abstract?"
2024,788685,142,Motivating and Meaningful Career Development for RSEs,Panel,Community,N/A,High,"Panel on RSE career structures, recognition, diversity, and profession development—clearly about people and the profession.","RSEs form an essential and growing part of modern scientific research and development, yet do not always have the career structures and recognition in place at their employing organisations to support them fully in a motivating and meaningful career as an RSE. This panel discussion will examine the opportunities and barriers that are faced by RSEs, and how experiences vary across different organisational landscapes. In the context of these emerging career pathways, the discussion will explore strategies for enhancing workforce diversity. It will discuss how RSE leaders and employers can better support and recognise their RSEs, improving recruitment and providing engaging opportunities for existing RSEs to stay, develop new skills and become an integral and guiding part of new research and development. We will explore the actions that we can take as a community that can improve our career opportunities, structures, recognition, diversity and, ultimately, career fulfilment. Recognising that cultural change both within institutions and across the sector is hard and takes time, the panel chair will seek to focus discussion on identifying actions that have the greatest potential to induce positive change.
Organisers
Martin O’Reilly (Chair) In-person
Jonathan Cooper (Facilitator) Remote
Emma Hogan (Panel Coordinator) In-person
Panellists
Martin Sharkey, CTO / Enterprise Architect, CloudKubed
Fliss Guest, Deputy Head of Research Software Engineering, University of Exeter
Grace Annan-Callcott, Program Adviser, Wellcome
Mahmoud Abdelrazek, ARC Data Steward, University College London (UCL)
Peter Hill, RSE, University of York"
2024,842411,174,The road ahead - what do RSEs need from TREs?,Workshop,Software,Community,Medium,"TREs are cross-cutting research infrastructure platforms used across domains; the workshop focuses on shaping development of these general-purpose secure research platforms, with community input as a secondary aspect.","Join us for an engaging workshop where we’ll be working together to set the development direction for Trusted Research Environments.We'll kick off with insights from our experience implementing TREs and some of the challenges and solutions we’ve faced along the way. As an interactive workshop we’ll then explore critical aspects of TREs, from security, to collaboration tools, and data management to user experience and set the direction for future TRE development.Through hands-on activities, attendees will:
Gain insights into TRE development and implementation
Directly contribute to the TRE community framework
Collaborate on solutions to pressing challenges in research environments
Connect with peers and experts in secure research platforms
Whether you're a seasoned TRE user or new to the concept, your expertise will help shape the tools driving the future of collaborative research. Join us to make your mark on the evolving landscape of Trusted Research Environments and gain actionable insights for your own projects."
2024,830515,169,Sustainable Funding for Scientific Software,Workshop,Community,N/A,High,"This workshop is about funding models and sustainability for scientific software from a funder's perspective — a profession-wide policy/infrastructure issue, not a specific tool or domain.","We know that it has historically been challenging to secure adequate funding for software development across the lifecycle, particularly for non-coding elements, and for foundational software that falls outside a specific scientific domain.
At Wellcome, we are increasingly seeing the impact of these funding issues across our programmes and partnerships – and therefore have been working to understand how we can more effectively support software. We have been exploring the funding gaps and needs of software developers, the role of funders in fostering enabling environments for ‘healthy’ software, and the design of sustainable financial models.
In this workshop, we’ll share some of our findings and the emergent thinking on how our future funding models should be shaped in response, with space for you to share your feedback and ideas. We will also highlight any current opportunities for funding."
2024,830317,168,R Development Hackathon,Hackathon,Community,Software,Medium,"This is a hackathon focused on contributing to R, a general-purpose programming language used across research. It's about upskilling contributors and sustaining the maintainer community, which leans toward community/profession building, but the artifact itself (R) is general-purpose software.","The R programming language is widely used in statistics and data analytics. It first appeared in 1993, and its first stable (1.0.0) release was in 2000. It has been maintained by a motivated team of volunteers since its creation. To continue its widespread success, however, we need to ensure that we can maintain the maintainers of the R project. Recently, there has been a movement to upskill more members of the community in how to make contributions to R, in the form of the “R Contribution Working Group” (https://contributor.r-project.org/). One initiative of this group is the organisation of “R Dev Days” where people come together to contribute to the code and documentation that gets distributed in binary versions of R (base R, the recommended packages and the Windows/macOS GUIs). This hackathon will follow the format of these Dev Days, where current and novice contributors work collaboratively on selected issues, with the goal of making progress on these issues and learning more about the R Development process along the way."
2024,842384,170,Large language models surpass human experts in predicting neuroscience results,Talk,Research,Software,Medium,"This is about applying LLMs to neuroscience research prediction—a domain-specific application (BrainGPT tuned on neuroscience literature), making it Research, though the methodology is transferable.","Scientific discoveries often hinge on synthesizing decades of research, a task that potentially outstrips human information processing capacities. Large language models (LLMs) offer a solution. LLMs trained on the vast scientific literature could potentially integrate noisy yet interrelated findings to forecast novel results better than human experts. To evaluate this possibility, we created BrainBench, a forward-looking benchmark for predicting neuroscience results. We find that LLMs surpass experts in predicting experimental outcomes. BrainGPT, an LLM we tuned on the neuroscience literature, performed better yet. Like human experts, when LLMs were confident in their predictions, they were more likely to be correct, which presages a future where humans and LLMs team together to make discoveries. Our approach is not neuroscience-specific and is transferable to other knowledge-intensive endeavours. This work was supported by Microsoft, made possible through using ND A100 v4 series virtual machines on Microsoft Azure."
2024,842407,173,Introduction to the National AI Research Resource (AIRR) Using Dawn,Workshop,Software,Community,High,"This workshop introduces a general-purpose AI/ML compute platform (AIRR/Dawn) available to researchers across domains, focusing on the software stack and infrastructure rather than a specific scientific question.","In 2023, the UK government funded the establishment of the AI Research Resource (AIRR), significantly increasing the availability of GPUs for machine learning and artificial intelligence researchers in the UK. AIRR comprises two new major systems: Dawn, located at the University of Cambridge, and Isambard-AI at the University of Bristol.
This workshop will provide an introduction to AIRR and offer hands-on experience with Dawn. Participants will engage in small-scale machine learning tasks using the same software stack required for large-scale ML training.
N.B.: To participate in the hands-on portion of the workshop, please register in advance to allow us to set up the necessary training accounts."
2024,846901,175,RSE Worldwide: Opportunities to Strengthen the Global RSE Community,Birds of a Feather,Community,N/A,High,"This session focuses on building and connecting global RSE communities, networks, and associations—clearly about people and the profession.","Research Software Engineering communities around the world continue to go from strength to strength. Recent years have seen the emergence of regional and national conferences and associations, with national and international RSE cooperation reaching new heights.
However, there are still many regions where RSEng is happening without structured support or established networks, and these RSEs could benefit from a connection with the global community. Specific regional and cultural context means that each community must find its own strengths and overcome its own challenges. Nevertheless, lessons learned and approaches taken in one community are likely to be valuable to others.
This session provides a platform for members of the diverse global community to meet, network, and share experiences and perspectives. Emerging communities can benefit from the experiences of more established networks, while longer-standing communities can better understand the international impact of RSEng. 
The growing number of events dedicated to RSEng taking place around the world is an encouraging sign of the strength and ongoing success of the RSE movement, but carries the threat of a “siloing” effect as local and regional groups focus ever more inward. This session presents an opportunity to discuss how we – as members of the international RSE community – can foster strong, vibrant local communities while reaping the benefits of international coordination and cooperation."
2024,850032,176,Cross-functional teams for challenge-led research,Talk,Community,N/A,High,"This talk focuses on team structures, RSE roles, and organising cross-functional teams at the Alan Turing Institute—about people, professional roles, and organisation rather than a specific tool or scientific domain.","As research becomes increasingly interdisciplinary and increasingly reliant on data and software to deliver impact, bringing together the range and diversity of talent required to effectively deliver impact from this research becomes increasingly important.
As the UK's national institute for data science and artificial intelligence, The Alan Turing Institute has recognised the importance of this from its inception, with research software engineering and project management teams in place from the beginning, and expanding its range of research infrastructure and delivery roles over the years to include research data scientists, research computing engineers, research community managers, research application managers and research data wranglers. These roles work across the Institute's research portfolio to help bridge the gap between research and practice and support effective collaboration across our wide range of partners in academia, industry and government.
As the Institute looks forward to its next 5 years, it is increasingly focussing its research around larger, impact-focussed, challenge-led missions. In this talk we will outline the vision for each of our challenge areas and how we are organising our research and innovation activity within each of these. We will also share our previous experiences of working on mission-shaped work at the Institute, and how bringing together teams of all the talents across a range of roles has been critical to successfully achieving our desired impact. Finally, we will talk about how we organise and operate the various research infrastructure and delivery teams at the Turing and how we see this evolving as we look to most effectively support the Institute's challenge-led missions."
2024,788691,145,Strategic Support for Computer Science Research at TU Delft: A Tailored Approach by the Research Engineering and Infrastructure Team ,Talk,Community,N/A,High,"This talk describes the establishment and operation of a dedicated RSE-style support team at TU Delft, focused on stakeholder engagement, team strategy, and supporting researchers as a population - clearly about people, profession, and cross-organisation support structures.","In response to the evolving needs of research groups across computer science (CS) departments in TU Delft, the Research Engineering and Infrastructure Team (REIT) was established as a dedicated support pillar for CS research activities. 
Unlike other support teams at the university, REIT is uniquely dedicated to providing personalized, low-barrier research support that spans a broad spectrum of expertise—from high-performance computing (HPC) and infrastructure technology to specialized fields such as artificial intelligence (AI) and data-intensive applications.  
This presentation sheds light on REIT’s strategic engagements and activities aimed at enhancing infrastructure support and fulfilling various other research support roles. Our approach focuses on identifying and aligning with stakeholders: engaging with individual CS research groups to understand and meet their specific needs, partnership with ICT teams to align on infrastructure policies, and coordinating the technical implementation of solutions and procurement of resources. We also liaise with other research groups requiring similar compute infrastructure to ensure that our developments meet the specialized demands of AI research across the university; while maintaining ties with other TU Delft support teams to share lessons learned and best practices. 
Through these comprehensive efforts, REIT not only supports but actively accelerates innovation, catering to the nuanced needs of researchers of CS@TUDelft. We will reflect on the lessons learned since REIT's inception and highlight key projects that have significantly advanced the research landscape at our institution."
2024,788749,150,Collaborative Lesson Development Training for RSEs,Poster & Lightning Talk,Community,N/A,High,"This is about training RSEs in lesson development—a community/profession-wide training initiative, focused on curriculum and capacity building rather than a specific tool or research domain.","The Carpentries is a community building global capacity in essential data and computational skills for conducting efficient, open, and reproducible research. In addition to certified Instructors teaching Data Carpentry, Library Carpentry, and Software Carpentry workshops around the world, the community also includes many people contributing to and maintaining Open Source lessons.
Recent years have seen enormous growth in the number and diversity of lessons the community is creating, including many teaching skills and concepts essential to Research Software Engineering: software packaging and publication, environment and workflow management, containerised computing, etc. As this curriculum community has developed, demand has been growing for training opportunities, teaching how to design and develop Open Source curriculum effectively and in collaboration with others.
A new program launched in 2023, The Carpentries Collaborative Lesson Development Training teaches good practices in lesson design and development, and open source collaboration skills, using The Carpentries Workbench, an Open Source infrastructure for building accessible lesson websites.
As the discipline of Research Software Engineering continues to develop and mature, there is an increasing need for high-quality, Open Source and community-maintained training, and for the expertise to develop those resources. This poster will provide an overview of the training, explain how it meets this need, and describe how it fits into The Carpentries ecosystem for lesson development. It will also explain how RSEs can enroll in the training, and give examples of lesson projects that have benefited from it already."
2024,787955,81,"Advanced Python Testing - mocking, property based testing, snapshot testing",Walkthrough,Software,N/A,High,"This is a walkthrough on general-purpose Python testing techniques (mocking, property-based, snapshot testing), applicable across domains.","In this walkthrough, take your Python testing skills to the next level. Tired of waiting for network requests, writing millions of edge cases and copy pasting outputs for testing? This walkthrough is for you. We will cover mocking external libraries and HTTP calls, property based testing, and using a snapshot testing library to make writing tests easier, faster and more fun!

Mocking libraries allows us to test a code interface without requiring the underlying code to be run. This can be useful in testing databases and network requests without having to actually setup a database, or be connected to the Internet.

Property based testing checks that a particular property is satisfied by the code. Rather than list specific instances of a property, property based testing frameworks allow you to describe the property and (possibly) find counterexamples.

Snapshot based testing is useful for regression tests - to capture the output of a system at a particular state and ensure that it does not change. While snapshot based testing can be emulated using the standard Python library, it can be cumbersome to manually keep track of outputs. Snapshot testing libraries help with this."
2024,788024,82,Green RSEs? Building a community to reduce the environmental impacts of research software.,Birds of a Feather,Community,Software,High,"This session focuses on community-building around environmental sustainability in RSE, introducing a SIG and drafting a community roadmap. It's about profession-wide advocacy and community formation, though it touches on tools/practices.","Due to the urgency of the climate crisis, there is a pressing need to reduce the environmental impact of research.  To achieve significant reductions, culture change is required across the entire research landscape, including across the research software community.  Research software contributes to the environmental impact of research, but can research software engineers play a key role in helping to adapt to minimise  this environmental impact?  Would placing RSEs at the core of net-zero roadmaps for digital research infrastructures help the transition?

In this session we will outline the scale of the problem and introduce a number of projects that are aiming to address it (including tools, certification, best practices).  We will introduce a few different ways to get involved including a new Special Interest Group on “Green RSEs” (affiliated with SocRSE) and a wider ESCS community for Environmentally Sustainable Computational Science. 

During the session, we will work together to draft a “green research software roadmap” which sets out our commitment to addressing the topic and helps to identify what the community feels is required to make the urgent progress required.  Development of this roadmap will help us to identify the key priority areas and start to develop plans to address them.  

By bringing a diverse range of voices and opinions together to discuss the next steps in open discussion, we aim to produce an informed roadmap and start to build a community of practice around this vital topic."
2024,788056,87,"Deciding on the ideal software environment -- Personal experiences with Anaconda, Docker, virtual machines, and servers",Talk,Software,N/A,High,"Cross-cutting comparison of general-purpose software environments (Anaconda, Docker, VMs, servers) applicable across domains.","The starting point of most computational research projects is deciding what type of system should the software run on. Whether you plan on developing the software in-house or contracting an outside vendor, this is an important decision as it can have an effect on not just the software's development, but the entire lifetime of the project, long after development has completed.
Currently, many options are available to RSEs. Here, we intend to cover:
Anaconda environments
Docker containers
Virtual machines, including Amazon Web Services
Servers
Each of these methods offer different promises of long term maintenance and reproducibility. While the developer's prior experiences will be one important deciding factor, as projects are passed from the initial developer to long-term maintainer(s), other factors become evident.
In this talk, we will give a summary of the options available and share some past personal experiences -- both positive and negative -- with each of them."
2024,788094,90,Good cookies are made with good cookie cutters: Use research software templates to kick-start your research software.,Talk,Software,Community,High,"This talk is about general-purpose software templates (Python, Julia) for kick-starting research software with good practices like version control, testing, licensing—cross-cutting tooling for RSEs as a population.","There are many guidelines of good practices for developing research software. Most of them are based in similar principles: version control, licences, testing, citation, documentation, etc. But often what you really need is to know how they are implemented in your favourite programming language. Even better: someone creates the basic structure for you, and you can focus on filling in the details.
This is where using Templates can help you getting started with your research software. For example, adding your preferred licence, creating a citation file, and setting up test infrastructure, etc. You still need to add your details to the citation file, write tests, etc. but templates provide you a good starting point.
For example, the Netherlands eScience Center has a Python Template, which sets up the basic structure of a Python package. We are currently working on a similar template  for Julia.
In this talk we want to share our templates  and invite others to use and contribute to them. We'll also collect ideas on how to continue growing these templates  in terms of 
•    Adoption: who uses and maintains them 
•    Scope: how they are used
•    Content: which good practices are currently implemented and what else we can add
Additionally, we want to learn about other similar templates that are used in the RSE community. Do you use software templates to build your research software? Would you like to improve how software templates are used? Join this session and help us build a better research software template ecosystem!"
2024,787870,74,Navigating the Legal Landscape: From Research to Commercial Software,Talk,Community,Software,Medium,"This talk addresses legal frameworks (GDPR, IP, licensing) that cut across all software development, relevant to RSEs as a profession navigating compliance and commercialization. It's profession-wide guidance rather than a specific tool or domain research.","Disclaimer: This talk does not provide legal advice. It aims to highlight common legal challenges and considerations in software development.
 
In this session, we aim to demystify the essential legal frameworks influencing both research and commercial applications of software, with a particular focus on continuous compliance with data protection laws such as the General Data Protection Regulation (UK GDPR), Data Protection Act (DPA), and Privacy and Electronic Communications Regulations (PECR). We'll delve into the management of Personal Identifying Information (PII) across the software lifecycle and scrutinize intellectual property (IP) rights, including a critical evaluation of the licences of dependencies which often get overlooked yet are pivotal for legal and operational consistency. The presentation will specifically address choosing the right software licences, highlighting differences between MIT, GPL, and AGPL—the latter being crucial for software deployed as a service (SaaS). Participants will receive practical insights based on real-world experiences from two projects that transitioned from development to commercialization, helping them understand the legal landscapes they must navigate, not as legal advice but as practical guidance for avoiding common pitfalls including those related to dependency licences."
2024,788185,98,"Level Up Your APIs: Ditch REST, Embrace GraphQL",Talk,Software,N/A,High,"Talk is about general-purpose API design (GraphQL vs REST) and cross-cutting tooling (Platformics) for building APIs, applicable across research domains despite CZI Science context.","REST has dominated web API design for a long time. However, as applications grow in complexity, REST's limitations make maintaining API and client code difficult. This talk explores why GraphQL is a better choice for building modern web APIs, and how to get up and running with a new GraphQL API service quickly.

GraphQL puts more power in the hands of client developers:

Improved Developer Experience: A single endpoint and a strongly typed schema means that type safety is built in during client development.

Flexibility: Clients can request any combination of data in a single query

Power: Libraries like Relay allow each component to declare its data needs, and the Relay compiler can automatically merge multiple query fragments into a single API request

To support science data sharing and collaboration, the CZI Science engineering team has developed a pair of GraphQL-based tools that make it easy for Science teams to manage their data in the cloud, run processing workflows on their data, and produce strongly typed output:

Platformics:

Express your data schema as a human-readable YAML document using LinkML

Expose your schema via a GraphQL API built on top of the latest-generation Async Python libraries

Metadata is persisted in PostgreSQL and data is stored in S3

Generated code can be customized"
2024,788342,102,Open science cloud infrastructure and training for communities in Latin America and Africa,Talk,Community,Software,High,"Focuses on community-building, training, capacity-building, and inclusion for marginalized communities in Latin America and Africa, including curriculum development and localization. While cloud infrastructure is mentioned, the talk centers on people, training delivery, and community partnerships.","The Catalyst Project aims to enable cloud-native research in the biosciences for communities based in Latin America and Africa that are historically marginalised from large-scale scientific infrastructure. Cloud infrastructure can be inaccessible for many reasons, such as the expertise needed to adminster the system, the skills needed to enable cloud-native workflows, and the development of communities of practice centred around contextualised support and knowledge transfer.

This talk shares experiences and lessons learned in delivering a collaborative interactive computing service model, with a particular focus on

- collaborative lesson development
- workshop delivery
- localisation of training material for Latin American communities.

Collaborative lesson development is an approach to lesson design developed by The Carpentries that embeds good practices in curriculum design, open-source collaboration and iterative improvement. We showcase the ""Hub Champion Training"" lesson based on this framework, intended for community leaders to learn the fundamentals of using and managing their hub, as well as providing user support to their communities.

Workshop delivery for global communities across many time zones can be logistically challenging. We share a few useful tips on lessons learned around the topic of accessibility and engagement.

Localisation of training materials is driven by our partnership with MetaDocencia. Spanish-language content is available to widen access and participation in the training, delivered in the community's preferred language. This talk shares some reflective points on integrating translations into a continuous development workflow."
2024,778488,31,Optimizing Diagnostic Analysis Chain and Data Storage System in the ST40 fusion device,Poster & Lightning Talk,Research,Software,High,"This is about a specific analysis pipeline for a fusion tokamak device, deeply tied to the plasma physics/fusion research domain.","Magnetic confinement devices are a promising path to achieve controlled fusion, where plasma, the fourth state of matter, is contained by magnetic fields and heated to extreme temperatures. A comprehensive set of diagnostic systems is essential to generate and control the plasma and sustain fusion reactions. The analyses of the data produced must be deployed in a specific order, considering potential interdependencies and the availability of raw data. The ST40 tokamak, operated by Tokamak Energy Ltd in Oxfordshire, United Kingdom, achieved a milestone by reaching 100 million Kelvin ion temperature[1] , marking a significant breakthrough for spherical tokamaks and highlighting the role of the private sector in fusion energy research. 
In this poster, the Post Pulse Analysis Chain (PPAC) responsible for inter-pulse diagnostic data analysis of ST40 is discussed. PPAC executes over 20 analysis scripts written in Python, MATLAB, Fortran, and IDL and is managed by SLURM workload manager[2] to deal with inter-dependencies and resource allocation. The experimental data is stored in a centralized database called MDSplus[3], accessible to anyone within Tokamak Energy’s network. The poster also gives an overview of various diagnostic analyses and explains the workflow organization, discussing data storage and retrieval strategies in the MDSplus system, and code deployment, showcasing the effectiveness of PPAC for informed experimental operation."
2024,788440,111,Project Management in Research Software - People and Processes,Birds of a Feather,Community,N/A,High,"This session focuses on RSE project management as a profession-wide skill, gathering people to share experiences and build a network — about people, processes, and professional development, not a specific tool or research domain.","Research software projects are incredibly varied - in the number and skill level of people working on them, the time and budget constraints, and the nature of collaboration with the researchers. Each project has different communication needs, schedules and challenges. 

In order to manage a project effectively the project lead has to take all these things into consideration when deciding what tools and processes to put in place to help the project run smoothly, but very few RSEs have training in formal project management, and even fewer in multiple management paradigms.
In this session we hope to gather people who have experience managing or want to learn to manage RSE projects to share their experiences and foster a network of knowledge-sharing to improve project management for everyone."
2024,788473,116,An Introduction to Test-Driven Development,Workshop,Software,N/A,High,"Workshop on test-driven development, a cross-cutting software engineering practice applicable to all RSEs regardless of domain.","This workshop will provide an introduction to test-driven development (TDD), a practice that involves writing test code before production code, as a way to guide development and inform the design of software. TDD has grown in popularity in industry over the last couple of decades, with proponents arguing that it leads to robust software that is easier and safer to change. The aim of this workshop is to give people who are curious about TDD, or those who have perhaps dabbled with it a bit, a chance to practice it in a guided setting. Along the way we will highlight what we consider to be some of the benefits it offers, informed by personal experience of employing it on projects. The workshop will be delivered through a combination of short talks, a question-and-answer session, live-coding and an exercise for participants, using Python and the Pytest testing framework."
2024,788497,118,The Machine Learning Packaging Paradigm: Optimising Climate Model Parameterisation Packaging,Poster & Lightning Talk,Research,Software,Medium,"The talk is about ML parameterization specifically for climate models (CESM), a domain-specific application, though it also discusses general tooling like FTorch and FAIR practices.","Climate models are essential tools for understanding and predicting the complex Earth system. Parameterisation is required to accurately simulate phenomena such as cloud formation, convection, and radiative transfer that occur on the sub-grid scale. Machine learning (ML) techniques present new opportunities to extract patterns directly from observational data or high-resolution simulations. However, they also present several challenges to ensuring accessible, reusable, reproducible and interoperable software and science. These include design and packaging of ML models, sharing of trained weights, and interoperability between ML frameworks and numerical models.

This poster showcases methods of tackling these challenges following the FAIR principles of software engineering. We present approaches to designing reusable machine learning pipelines with methods capable of accommodating distinct sets of input variables predicting the same target variables using adaptive data loading. Our work also addresses data heterogeneity by developing strategies to handle input variables differing in dimensionality.
We will discuss our pyTorch-Fortran coupling library FTorch facilitating interoperability between python ML and larger Fortran-based models. Another important feature of our work is saving and sharing the trained model weights using Hugging Face for efficient model distribution. We prioritise model reusability through a modular, extensible code design. Reproducibility is ensured via version control, and fixing random seeds. 

Our work showcases interdisciplinary collaboration between climate scientists, ML experts, and software engineers coupling ML parameterizations to the Community Earth System Model (CESM). Tackling these challenges helps improve the accuracy and predictive capabilities of climate models to inform climate change mitigation and adaptation strategies."
2024,788504,119,Enhancing Real-Time Geospatial Big Data Processing and Presentation Through Cloud-Optimised Storage and Formats,Talk,Research,Software,Medium,"The talk focuses on geospatial data processing architecture using cloud-optimised formats. While geospatial/environmental science is a domain, the techniques (object stores, tile servers, cloud-optimised formats) are presented as a general architectural pattern applicable to data-intensive applications. However, the formats and use cases are specifically geospatial.","This talk will explore a transformative approach to handling extensive geospatial data through a streamlined and scalable system architecture. Our method hinges on four foundational elements: cloud-optimised data, object stores, dynamic tile servers, and static web interfaces. We discuss transitioning from traditional scientist-favoured formats like NetCDF and GeoTIFF to advanced, cloud-optimised formats such as Cloud Optimised GeoTIFF and Zarr. These formats are compatible with popular data processing libraries like xarray and rasterio, facilitating parallel processing and efficient access without requiring complete downloads. 
Data storage is achieved using S3-compatible object stores, exemplified by systems like JASMIN (The UK's data analysis facility for environmental science). These stores facilitate the management of substantial datasets by utilising parallelized file systems capable of multiple concurrent reads and supporting HTTP range requests for partial data fetching. This capability is critical for integrating with cloud-optimised files efficiently. 
Additionally, we introduce a novel approach for on-the-fly data tiles generation for frontend applications, utilizing libraries such as rioxarray and rasterio. This enables the deployment of lightweight tile server applications on serverless architectures, dramatically reducing the system's operational footprint. 
This talk will also highlight real-world applications and projects that currently utilize this architecture, demonstrating its effectiveness in processing and presenting multi-gigabyte data files through static web applications. This comprehensive system not only simplifies data handling, but also improves scalability and accessibility, making it a model for future data-intensive applications."
2024,788545,125,RO-Crate: package your research outputs with their metadata,Poster & Lightning Talk,Software,Community,Medium,"RO-Crate is a cross-cutting standard/format for packaging research outputs with FAIR metadata, applicable across domains. It's a general-purpose tool/standard for RSEs, with strong community/FAIR aspects.","RO-Crate is a mechanism for packaging of research outputs along with structured metadata, providing machine-readability and reproducibility following the FAIR principles. RO-Crate is developed through an open community-driven process and reuse existing standards, with a focus on developers and “just enough” Linked Data.

Researchers can distribute their work as an RO-Crate to ensure their data travels with its metadata, so that key components are correctly tracked, archived, and attributed. Data stewards and infrastructure providers can integrate RO-Crate into the projects and platforms they support, to make it easier for researchers to create and consume RO-Crates without knowing the technical background.

The base RO-Crate format is designed to support any domain and any data. Community-developed extensions called “profiles” also allow the creation of more specialised RO-Crates, describing for example workflows, data provenance, or domain-specific data formats.

This poster will outline the RO-Crate project, its basic workings, and some of its most prominent use cases. The aim is to make RSEs at all levels aware of the RO-Crate project, and to start conversations about how it can be integrated into data platforms developed by members of this community."
2024,788608,132,Transforming digital legacy estates to create a more sustainable future,Talk,Community,Software,Medium,"This talk is about how RSE teams/labs manage legacy software estates - a profession-wide practice issue concerning team management, strategy, and sustainability advocacy across RSE labs, not a specific tool or domain research.","The proliferation of digital projects contributes to ever-growing legacy estates for RSE Labs and the management of these estates can present an ongoing challenge. 
In this presentation two RSE teams will discuss how such legacy estates were formed in the King’s College London and University College London contexts, what defines them in terms of size, number and type of projects, the different stakeholders involved, and the resources available to manage them. We will share the wide range of challenges that we encountered, including the time required to undertake such work, lost connections with project leads and the sometimes-difficult conversations needed to make progress. We will discuss other considerations, such as reputational and impact risks, preservation, ethical concerns in terms of what may be best for the project and its users, investigators and other contributors, as well as environmental considerations. 
We will discuss our past and current approaches to addressing these challenges and considerations within each context and the impact these approaches can have on project life cycles and technical strategies. 
We will also address how our experiences inform new project design and funding applications, building long-term planning in from the start. 
Finally, we have a call to action – why you need to begin addressing your legacy estate right now! – and consider long-term sustainability when planning new projects. We will detail the reasons why RSE practitioners, Infrastructure Management roles and RSE Lab management staff should undertake this work - don’t leave it to languish and allow the challenges to grow."
2024,788423,107,rOpenSci Statistical Software Peer Review: The importance and challenge of community engagement.,Talk,Community,Software,High,"This talk centers on rOpenSci's peer review process and community engagement for sustaining research software, focusing on people, profession-wide initiatives, and community building rather than a specific tool or domain.","Research software is commonly developed by an internal ""core"" set of people, and often funded by grants with defined end dates.  Research software which survives often does so through being adopted and maintained by broader communities beyond that initial core.  Community engagement is thus vital to the success of research software.  rOpenSci is an organization dedicated to ""*Transforming science through open data, software & reproducibility*,"" and does so through actively nurturing a large and diverse community of research software authors and users.  One of our primary activities is peer review for software in the R computer language, which has been running for almost 10 years.  A recent large, multi-year project expanded the scope of peer review to include statistical software, the primary focus of the R language itself.  This project was led and coordinated by our own core set of rOpenSci people, resulting in a comprehensive system for documenting and assessing statistical software.  As with research software, we will best ensure the long-term survival and relevance of our system through fostering a transition towards community-led maintenance.  This talk will describe challenges and successes in our efforts to engage and expand our community to support our statistical software system, and will draw important parallels with the abiding importance of community engagement in research software development."
2024,788120,91,Agile Methods for RSEs: A formula for scrum-driven software development in research? ,Talk,Software,Community,Medium,"This talk is about implementing Scrum/agile project management practices across an RSE department - a cross-cutting software engineering practice applicable to RSEs broadly, with a strong community/team-management angle.","The University of Manchester RSE department currently services around 70 research projects with the collective pipeline of projects just short of 100. Our department of 48 engineers is built to support research and academics; however, the scale of the operation brings with it complex managerial challenges around managing workloads, maintaining relationships with researchers and ensuring successful, collaborative project delivery. We need to ensure that our RSE developers and senior RSEs (in their capacity as project managers) are prepared and supported with adequate tooling and processes to deliver these projects both flexibly and consistently.  
Consequently, we have implemented our own flavour of “Scrum” within GitHub projects. Scrum is a popular implementation of the principles of agile project management and software development. According to the Scrum Guide (https://www.scrum.org/resources/scrum-guide), Scrum is a lightweight agile framework that helps people, teams and organisations generate value through adaptive solutions for complex problems. This, to us, sounds an awful lot like research!  
In this presentation, we will explain how agile working methods encourage a mindset where changes in requirements are the norm and where the solution development process embraces that change. In Scrum, this is achieved by continuously updating the requirements, working in “timeboxes”, and continuously engaging our academic customers. We have rolled our adaptation out across the department via a practical 2-day course for all RSEs and successfully tested it on an increasing number of research projects."
2024,788644,137,Monitoring and tracking machine learning models for fire sprinkler design in real-time using Simvue,Poster & Lightning Talk,Software,Research,Medium,"Simvue is a general-purpose tracking/monitoring framework applicable across domains, but the talk centers on its application to a specific domain problem (fire sprinkler design optimisation). The tool itself is cross-cutting software.","Machine learning, governed by an optimisation objective, has evolved to handle complex modelling tasks. Managing and monitoring these optimisation processes is challenging, especially when dealing with large-scale simulations or data processing tasks, across domains and compute resources. To address this challenge, the UKAEA has developed Simvue - a generic and configurable real-time tracking and monitoring framework for any simulation or data processing tasks, which can be leveraged to monitor, and control machine learning based optimisation frameworks, providing a unified platform for managing the entire ML workflow. The platform is applicable to both current and legacy applications and is also language- and hardware-agnostic, capable of scaling on to any cloud based or bare-metal architecture. In this poster, we demonstrate how Simvue can be applied to track and monitor an optimisation procedure for fire sprinkler system design, which involves iterative exploration of the simulation design space, parameterised by different sprinkler head designs, droplet size distributions, and water surfactants. Simvue enables researchers to define the optimisation workflow, set up the necessary simulations, and monitor the progress of the optimisation process in real-time across different compute resources. By leveraging Simvue to manage the ML-based optimisation framework, users can streamline the process of identifying optimal fire sprinkler designs, potentially leading to substantial cost savings. The integration of Simvue with ML-based optimisation techniques demonstrates the versatility and effectiveness of the framework in managing complex data processing tasks across various domains with multi-fidelity resources."
2024,770908,10,Harnessing Data Visualization for Public Engagement a Case Study: Air Quality Stripes,Poster & Lightning Talk,Research,Community,Medium,This is about visualizing air quality data for public engagement - a domain-specific application (atmospheric science/air pollution) where RSE collaboration produced visualizations from a specific climate dataset. It's also about public engagement which has community aspects.,"Data visualisation can serve as a powerful conduit for communicating complex information to diverse audiences.  Research software engineers are often well placed to help researchers visualise complex datasets in a clear and impactful way.  Such visualisations not only enhance accessibility but also foster public engagement and awareness.
In this work we show an example of such a collaboration.  Inspired by the well known Climate Warming Stripes images which vividly show the global temperature change (https://www.reading.ac.uk/planet/climate-resources/climate-stripes) since 1850, we present the Air Quality Stripes, a series of visualisations which depict historical changes in air pollution concentrations from 1850-2021.  These illustrations, produced from publicly available data (UKESM1 CMIP6 ensemble dataset), clearly show the changing trends in air pollution in different cities.  Overall air pollution in Europe and North America was worst in the 1940-1960s but has responded to increased legislation.  Unfortunately air pollution concentrations in many parts of Africa and Asia are rising at a concerning level. These images are being used to stimulate discussions around air quality and inequality around the globe.  Images were produced using Jupyter notebooks on the JASMIN data service.  Input from an experienced RSE was core to the data manipulation, processing and visualisation required to realise this idea. 
These visualizations serve as catalysts for discussions surrounding air quality and societal inequalities worldwide. This presentation underscores the immense potential for RSEs to actively contribute to translating research into engaging and accessible material, thereby fostering broader awareness and understanding of critical global issues."
2024,788638,135,Creating greener software,Poster & Lightning Talk,Software,Community,High,"This talk discusses general software engineering practices for creating energy-efficient software, applicable across domains. It's a cross-cutting sustainability tooling/practice topic.","Green computing is a very broad term encompassing endeavours such as the development and use of energy efficient hardware, the powering of computing infrastructure with renewable energy sources, the repurposing and recycling of computing assets, to extracting benefit from the excess heat produced by HPC systems for example.
On the software side there are decisions a software engineer can make to create software that is more environmentally friendly. These decisions relate to various aspects of the software engineering process such as design and coding choices, choice of programming language, as well as monitoring and testing. 
Highlighted here are some practical and general considerations to employ during the development cycle that can help lead to more energy efficient software. For illustrative purposes a comparison of the energy efficiency of some coding test cases is also presented."
2025,1036721,1,"""Where do the people come from?""—A mixed methods investigation of Research Software Engineering",Talk,Community,Research,High,"This is a scholarly investigation into RSE as a profession, examining careers, identity, and recognition - clearly about people and the profession.","Over the last decade, the idea of a role of Research Software Engineer (rse) has gained some adoption. The RSE is a skilled software engineer who focuses on the construction of software for use in research. In a brief time, the idea has gone from a defining term created at a workshop on software sustainability to a job title and group name used at numerous research institutions worldwide, with member societies sharing experience and advocating for career recognition. In short, we are witnessing the creation of a new profession of Research Software Engineering.
In April 2025, the presenter defended their doctoral thesis, in which we described their design and implementation of a mixed-methods investigation (containing both quantitative and qualitative components) into the development and propagation of RSE, drawing on relevant theories from the sociology of professions. We believe this to be the first such systematic, scholarly investigation into RSE.
We implemented one quantitative and three qualitative studies of RSE, addressing questions on: the state of software engineering knowledge in research; the state of RSE as a profession; the independence of RSE from existing research practice; and the connection between the relationship of researchers and RSEs, and research software practice. Combining these studies into a single mixed-methods programme, we create an overall picture of the state of RSE one decade into its inception, and an evidence-based “manifesto” for future change in the field. We present our research into RSE, our findings, and our recommendations from the manifesto."
2025,1060922,38,DataMap: A Scalable Microservices-Based Platform for Democratising and Analysing Massive Biological Knowledge Graphs,Talk,Research,Software,High,"DataMap is a platform purpose-built for dementia/biological research data integration at UK DRI, serving a specific scientific domain.","Researchers across the UK Dementia Research Institute (UK DRI) generate hundreds of TB of data monthly, including genomics, proteomics, transcriptomics, behavioural, and neuroimaging data. Despite this vast output, much of the data remains siloed within individual labs, making it easy to share and collaborate on single datasets but difficult to integrate and collaborate on combined analyses across the institute and broader community. To address this, we developed DataMap—a network-based, interactive platform designed to democratise access to UK DRI’s heterogeneous research data by allowing researchers an easy and reliable mechanism for viewing and analysing their findings.
 
DataMap builds on a large-scale knowledge graph stored in Neo4j, integrating multimodal datasets and enabling researchers to query and explore complex biological relationships. However, querying such a massive and evolving graph is computationally intensive. To overcome this, we adopted a microservices-based architecture, supported by in-memory data structures and metaprogramming. This allows us to decouple memory-heavy operations, scale components independently, and adapt the platform to evolving user needs and new data types.
Here, we demonstrate how DataMap enables seamless and efficient interaction of UK DRI datasets via a user-centric web interface. Users can navigate biological entities, explore connections between data layers, and retrieve insights—all without requiring technical expertise. The system’s flexibility and scalability make it well-suited for the demands of dynamic research environments, allowing us to maximise knowledge extraction from our generated data."
2025,1061120,39,bead: A Data Provenance Tool for Diverse Teams,Talk,Software,Research,High,"bead is a general-purpose command-line tool for data provenance and reproducibility, applicable across domains, though its application example is in Economics. The tool itself is cross-cutting reproducibility tooling.","Reproducing research results requires knowing exactly which version of the data was used and understanding the steps taken to clean and analyse it. This can be challenging in distributed environments with many contributors.
bead (https://bead.zip) is a simple command-line tool and archive format that systematically documents data workflows. Each saved ""bead"" captures a single processing step: the input data (via unique references), the code used, and the resulting outputs—whether cleaned datasets, visualisations, or reports. By recording these steps and linking them via input references, bead facilitates easy review, maintenance, and re-execution of computations, while also fostering collaboration.
This talk will begin by introducing the problem, followed by a demo/presentation of the tool, and will conclude with a discussion of its long-term application in Economics research at Central European University."
2025,1048338,10,It’s time to decarbonise digital research,Poster & Lightning Talk,Community,Software,High,"This poster is about community-led initiatives, peer networks, and profession-wide sustainability advocacy in digital research, fitting the Community category. It mentions tools but the focus is on networks and shared purpose.","As the climate crisis intensifies the digital research community is becoming increasingly aware of its environmental responsibilities. This poster draws on a comment article which argues that while many researchers are motivated to act, grassroots enthusiasm is often hampered by a lack of clear guidance, institutional support, and coherent frameworks for meaningful change (https://tinyurl.com/bdshdk4y). This leads to a real risk of squandering goodwill, and slowing the pace of change.
To bridge this gap, community-led initiatives, certification schemes, and peer networks are emerging as powerful enablers of sustainable digital practice.  This poster will showcase some promising activities in this space, including grassroots networks such as the Green Research Software Engineering Special Interest Group and NetDRIVE, as well as tools like Green DiSC. These initiatives not only provide practical guidance but also foster a sense of shared purpose across disciplines and institutions."
2025,1061224,41,Aligning feasible technical requirements to research objectives and steering collaboration: role and responsibilities of the Research Software Analyst in RSE teams,Talk,Community,N/A,High,"This talk describes the Research Software Analyst role within RSE teams, focusing on responsibilities, profession, and team collaboration—clearly about people and the profession.","This talk will focus on the role institutionalised at King’s Digital Lab of the Research Software Analyst as key member of the RSE team acting as first point of contact with project partners throughout a project / product lifecycle from collaborative requirements definition (including contribution to funding applications) to project management during evolutionary development (including negotiations around prioritisation of requirements / increments), testing of the solution components and negotiations around acceptance at release phase, to reporting and decommissioning at post-project phase. 
The competences of this role are relevant for RSEs typically involved in complex research projects which require at minimum an agreed understanding of technical requirements with at least one other individual (e.g. project lead, other researcher / RSE / colleague, funder / sponsor, project partner). The role is particularly relevant for RSE groups and team operating at scale, delivering on complex projects with multiple stakeholders, running in parallel and often requiring concept design if not a full funding application with estimate of effort prior to starting.
Building on Agile DSDM roles definitions (https://www.agilebusiness.org/dsdm-project-framework/roles-and-responsibilities.html) and business analysis good practices, the role has evolved based on the specificity of the institutional context and research domains (mainly arts, humanities and social sciences) within which KDL operates; however, the talk will generalise the role profile and functions to enable the audience to identify potential alignment with other contexts and roles across disciplines.
The talk will focus on: 
RSA role description (standard, senior and principal levels) building on the document authored by KDL founding Director; 
walkthrough project feasibility assessment phase aligned with research objectives and to inform funding applications with associated example/s compliant with KDL project templates; 
outline of the activities led by the RSA during evolutionary development to monitor progress, steer collaboration with a variety of stakeholders and facilitate the solution development team work."
2025,1061551,42,Building Robust Practices for Research Outputs: Supporting Quality and Assessment,Talk,Community,Software,Medium,"This talk centers on practices and tools (Checklists, Project Release Documents) for assessing research outputs quality, framed around RSE identity as infrastructure and institutional practice. It's about cross-cutting practices/tools but heavily emphasizes RSE profession and institutional strategy.","Research Software Engineering (RSE) is no longer a hidden force behind scientific discovery—it is a cornerstone of research excellence. As modern research becomes increasingly computational, the role of RSEs has evolved from coding assistants to essential contributors who drive innovation, ensure reproducibility, and elevate the quality of scientific outputs. 
Departing from the experience of an embedded RSE team in the arts and humanities, this talk explores the dual identity of RSEs: as both enablers of high-impact research and as integral components of human digital research infrastructure.  
Central to this discussion are two lightweight but powerful tools: the KDL Checklist Document for digital outputs assessment and the Project Release Document (PRD). The Checklist is a practical tool meant for academic colleagues to guide them through a holistic assessment of their digital output when submitting to the UK research evaluation framework (REF). The PRD is meant to be used internally by a KDL project sub-team to ensure the overall suitability of the digital output ahead of its release. 
 These documents are meant to guide the King’s Digital Lab team and its partners through critical development milestones, ensuring that research software and associated outputs are not only functional, but also reproducible, maintainable, and robust. From versioning and documentation to testing and licensing, these tools embed best practices directly into the release process and review of outputs. The talk will also reflect on the difficulties encountered when introducing new practices and how to best socialise them both internally and with partners. 
By framing RSE as infrastructure, we acknowledge the people, practices, and principles that underpin trustworthy research. This perspective elevates the conversation beyond code quality to institutional and lab or departmental-level strategy— where integrating RSE good practices translates into investment in research reliability, scalability, and long-term impact."
2025,1051599,11,PAIDIVERPY: An Open-Source Python package designed to create pipelines for preprocessing image data for biodiversity analysis.,Talk,Research,Software,High,Domain-specific Python package built for ecologists/biodiversity image analysis—can't describe it without naming the discipline.,"Biologists and ecologists are increasingly using imaging systems to study the natural world. Getting meaningful biodiversity metrics from visual data requires reliable, reproducible image preprocessing. However, existing tools for image preprocessing are fragmented, application-specific, not well documented, and not designed for the needs of ecologists. This lack of standardization makes reproducibility difficult and slows down scientific progress. To address these challenges, we present PAIDIVERPY—an open-source modular Python package designed to simplify, standardize, and document image preprocessing workflows for biodiversity analysis. 
PAIDIVERPY is a flexible framework for building reproducible image preprocessing pipelines, complete with detailed documentation, and traceability for each step and image. The package is designed in collaboration with ecologists, enabling them to create and visualise preprocessing workflows without deep technical expertise. Users can easily add, remove, and customize steps, preview results at every stage, and output fully documented workflows in a standardized format. 
The tool supports preprocessing of complex biodiversity image datasets collected from diverse instruments and deployment strategies. Users can apply pixel-level transformations such as colour correction and backscatter removal, and subsample data to ensure unbiased metric estimation. The software also enables integration of custom algorithms alongside built-in processing steps, enhancing flexibility. To accommodate large datasets, PAIDIVERPY includes built-in support for parallelization using Dask and integration with batch schedulers for HPC environments. Its configuration system allows users to define processing steps in a structured, interoperable format, promoting reproducibility and simplifying modifications. 
Extensive tutorials and documentation accompany the tool. Additionally, two curated image sets from plankton and benthic surveys, complete with metadata, are provided to support testing and exploration. 
PAIDIVERPY enables ecologists to focus on scientific analysis while reducing the technical burden of data preparation. It bridges the gap between ecological expertise and AI-powered image analysis by making image preprocessing accessible, efficient, and reproducible."
2025,1045071,5,The Journal of Open Source Software,Poster & Lightning Talk,Community,Software,High,"JOSS is a profession-wide recognition venue for RSE contributions, fitting the Community category as explicitly mentioned in the rubric.","The Journal of Open Source Software (JOSS; https://joss.theoj.org) publishes short articles describing open source research software. The review process is open, iterative and includes the software itself, thereby encouraging good software practice. It has published articles co-authored by RSEs and is potentially an interesting avenue through which to recognise RSE contributions to research software in formal research literature. The poster aims to improve RSEs' awareness of JOSS for their research software projects and encourage them to engage with platforms like JOSS as authors, reviewers or even editors."
2025,1059811,35,Developing the enCore Community Land Model (eCLM):  Adapting Community Land Model version 5 (CLM5) to fit into modular Earth system simulation platforms,Poster & Lightning Talk,Research,Software,High,"This talk is about a domain-specific land surface model (CLM5/eCLM) for Earth system simulation, tied to a specific scientific discipline (climate/land surface science). It cannot be explained without naming the discipline.","The enCore Community Land Model (eCLM) is a Fortran-based HPC software for simulating the biogeophysical, biogeochemical, and hydrological processes on Earth's land surface. These physical processes are derived from the Community Land Model version 5 (CLM5)—a land surface model developed by the National Center for Atmospheric Research in USA. While eCLM take most of its scientific features from CLM5, it differs mainly in its software architecture, which has been designed to readily integrate into a modular Earth system modeling platform. This presentation showcases the software refactoring efforts involved in transforming CLM5, a mature HPC software for land surface modelling, into eCLM. Notably, this RSE work contributes to a larger ongoing effort towards a next-generation modular Earth system modeling platform. eCLM was initiated in 2020 and is being constantly tested (e.g. through continuous integration and deployment practices) and improved (e.g. by introducing new modelling features such as vegetation processes and land management) to serve the research activities at the Agrosphere Institute in Jülich Research Centre, Germany."
2025,1062587,48,Bridging Bench and Code: RSEs Driving Omics,Poster & Lightning Talk,Research,Community,Medium,"The talk centers on RSEs working in a specific scientific domain (omics/life sciences), describing how RSEs contribute to bioinformatics research workflows. It's domain-specific (life sciences) but also touches on the role/profession of RSEs.","Life sciences research is increasingly reliant on both data and software. Even traditionally experimental research groups are requiring efficient, robust programming solutions while engaging in complex data manipulation. While commercial tech and sequencing companies do offer bioinformatics services, these are often too far removed from the specific scientific questions posed by principal investigators (PIs).
There are many areas within biological research known as ""omics"", including genomics, transcriptomics, proteomics, and epigenomics. ""Omics"" refers to large-scale studies of biological molecules, aiming to comprehensively characterise and quantify them. Advances in sequencing and other high-throughput technologies over recent years lead to the development of new omics databases and datasets generated from laboratory-based research – this offers an excellent opportunity for Research Software Engineers (RSEs) to contribute meaningfully, combining data manipulation, software development, and domain-specific insights to make a significant impact and actively shape research outcomes.
RSEs can play a critical role bridging the gap between benchwork and software development. This involves not only engaging with the code, but also with the science itself by designing solutions grounded in experimental reality. Such collaboration has the potential to foster meaningful scientific partnerships."
2025,1066588,107,RSE perspectives on AI code generation tools: Open discussion and drafting of a position statement,Birds of a Feather,Community,Software,High,"This is a BoF session about RSEs collectively shaping policy/practice around GenAI tools, focused on the profession and community position. While GenAI coding tools are software, the focus is on community advocacy and policy.","Generative Artificial Intelligence (GenAI) has already embarked on a significant incursion into the domain of RSEs, impacting all four pillars of Research Software Engineering: development, community, training, and policy.
Do you have a positive vision for a future of Research Software Engineering with GenAI coding tools, or do you feel that there are underappreciated risks? Are you interested in working together as a community of RSEs to shape policy and practice? Whether you have experiences to share, questions to raise, or simply want to listen and learn, you are most welcome at this Birds of a Feather session.
GenAI sits at the intersection of a wide range of issues, making the very idea of 'best practice' troublesome and contentious, or at best strongly context-dependent. Even so, many RSEs feel a responsibility to provide guidance and leadership on the use of these tools.
Moreover, we suspect that many RSEs are, like us, reckoning with what these technologies mean for our own professional futures. How should we be advocating for ourselves, both today and in a future where use of GenAI coding tools may be widespread and normalised?
This session will be split into two 90 minutes halves.
 The first half will be dedicated to sharing experiences and perspectives in small break-out groups focused on topics chosen by participants.
 The second half will build on these insights to draft a position statement on the use of GenAI tools in research software.
We feel that RSEs have a unique vantage point on this subject, which enables us to provide authentic and relevant guidance to the wider research community. Our ambition is to develop and publish a document that enjoys broad support among RSEs."
2025,1066756,118,An integrated Knowledge Management System to support Open Science training,Poster & Lightning Talk,Community,Software,Medium,"OLS is a community capacity-building organization; the KMS supports community coordination, training, and recognition of contributors. While it's a software pipeline, its purpose is community/profession infrastructure for Open Science training.","OLS is a not-for-profit organisation, dedicated to capacity building and diversifying leadership in research worldwide (https://we-are-ols.org/). Since 2020, we have trained 400+ participants across 50+ countries in Open Science practices, with the help of 300+ mentors and experts.
We present our Knowledge Management System (KMS), a live, open‑source pipeline that connects people, data and processes to drive community impact and research‑software best practice. In this poster, you’ll see:

Pipeline diagrams illustrating integrations between GitHub Actions, Python scripts, CiviCRM, Zotero, CSV and Jupyter for cohort coordination.

Impact metrics visualised to show how automation frees human effort for higher‑order tasks.

A contributor map displaying the global distribution of the OLS community.
We’ll demonstrate how the KMS, designed for transparency and collaboration, supports both Research Excellence—by embedding metadata standards and reproducibility into everyday practice—and Human Digital Research Infrastructure (DRI)—by mapping the “people layer” of software infrastructure.
Designed to reuse, our KMS integrates with open data solutions, offering a toolkit for like-minded organisations seeking to streamline workflows, credit volunteers, and scale open‑science impact."
2025,1066758,119,DRI-focussed training for research facilitators and teams (DRIFT),Poster & Lightning Talk,Community,Software,High,"This talk centers on training and community engagement for research facilitators and teams around DRI, focusing on skills development, profession-wide capacity building, and outreach rather than a specific tool or research domain.","Digital Research Infrastructure (DRI) is now ubiquitous in research. It has revolutionised the way that we conduct research, pervading all aspects of the research lifecycle. From the use of large-scale computing for machine-learning and big data, to the management of experiments for record keeping and reproducibility, research is powered by the software and hardware that have become vital for modern researchers. This requires new skills and forms of research collaboration, as research supported by DRI aims at larger scales and interdisciplinary collaboration.
DRIFT aims to address the lack of DRI training for research support roles, in particular within interdisciplinary research teams, and to improve visibility of DRI outside of physical sciences and engineering. Developing support for research facilitators is particularly important, as they play a vital and trusted role in nurturing links between technical professionals and the research community, thus enhancing the impact of the skills development activities we are undertaking.
We aim to increase the impact of DRI through greater awareness and understanding, and more effective use. We have three main objectives: supporting research facilitators working within communities that could benefit from DRI offerings so that they can efficiently assist researchers understand its advantages; training research teams in skills that benefit collaboration, team science, and inter- or multi-disciplinary working; and community engagement with a wider range of research institutions and disciplines focussing on those without existing direct access to institutional HPC services. These objectives will be achieved through development of courses and other content for both research facilitators and research teams, community engagement through DRI awareness roadshows (including small demonstration HPC clusters), and the extension and improvement of the open-source Gutenberg training platform. This will improve the way that the expertise required to efficiently and effectively use DRI is developed within the research community."
2025,1066761,120,Shinyscholar – a template for creating reproducible Shiny applications in R,Talk,Software,N/A,High,"Shinyscholar is a general-purpose template/framework for building reproducible Shiny apps applicable across research domains, focused on software engineering best practices (testing, structure, reproducibility).","Shiny is a framework for producing apps in R that is an increasingly popular method for academics to develop software. However a survey of apps published in 2023 found they typically fail to facilitate reproducible research or provide attribution to software developers.
Additionally, academics often have little formal training in software development and consequently apps fail to adhere to best practices in structuring code and automated testing. To address these shortcomings, we present Shinyscholar (https://cran.r-project.org/package=shinyscholar) as a framework built upon Shiny which provides a suite of features tailored to the production of academic Shiny apps. 
Developed by forking WallaceEcoMod (an app for modelling species distributions with many desirable features) and the addition of extra features, Shinyscholar generates a template app structured as an R package where an analysis is broken down into steps with multiple options for each step. Analyses from generated apps can be saved and loaded at any point, a file can be downloaded that completely reproduces the analysis and developers of dependent software are appropriately cited. 
Other features include a flexible system for reporting messages to users, structures for providing user guidance, the ability to view source code from inside the application and a walk-through to guide new users. The visible structure of the app is reflected in the structure of the code, with each possible option in the analysis composed of a Shiny module that calls one function, facilitating maintenance and automated testing. 
The talk will explain how to create a new app and the workflow for developing modules. By using Shinyscholar, to create an app, developers can concentrate on creating domain-specific functionality rather than enabling communication between modules or designing user interfaces and will be more able to produce apps that follow best practices, are maintainable, and run reliably."
2025,1066782,121,"Describing Data for Discovery: RSEs, Croissant, and the Future of Research Metadata",Talk,Software,Community,Medium,"The talk centers on Croissant, a general-purpose metadata standard for datasets, and how RSEs can embed it into tooling. While EnergySHR is used as a case study, the focus is on a cross-cutting metadata/reusability practice applicable across domains.","Many research projects collect or create datasets as part of their outcomes, but these are often hard to find, interpret, or reuse. A key reason is the lack of structured, machine-readable metadata that can support both human understanding and automated tooling. This creates friction with data discovery, integration, and reuse—especially in machine-learning workflows.

This talk makes a case for adopting Croissant, a metadata format developed by MLCommons to address these challenges. It provides a standardised vocabulary and structure to describe datasets in ways that can be validated, shared, and used programmatically. Although Croissant originated from the ML community, its design is broadly applicable to any research data ecosystem. RSEs are in a unique position to help the widespread adoption of such standards. Since we often work with tools and platforms that manage datasets, we can embed good metadata practices by design, not as an afterthought.

The talk elaborates on what it looks like in practice to integrate Croissant into a real-world project workflow. To this end, we draw on EnergySHR, a project supporting AI for energy and sustainability. It aims to help researchers share energy-related datasets and references. During submission, users provide metadata to generate structured, machine-readable descriptions of each dataset. These are validated and embedded into the dataset's page. This helps support structured web search and enables automated loading of datasets in downstream workflows.

By embedding standards like Croissant into the tools we build and support, RSEs can make research outputs more visible and reusable. These are not just technical improvements but key contributions to research excellence."
2025,1066796,123,Mapping Your Skills: A Hands-on Introduction to the Digital Researcher Competencies Framework,Workshop,Community,N/A,High,"This workshop is about a competencies framework for RSE careers and skills development, focused on people and the profession rather than a specific tool or research domain.","The landscape for Digital Research Technical Professionals (dRTPs), including RSEs, Data Stewards, and Research Infrastructure Engineers, is broad, complex, and evolving. Navigating skills development, career progression, and team support in this context can be challenging. The DIRECT Framework (Digital Research Competencies Framework) responds to this need by providing a structured, practical approach to identifying and supporting skills within digital research roles.
Building on work from previous years, this workshop will introduce attendees to the first full version of the DIRECT Framework, previously known as the RSE Competencies Toolkit. As part of the UKRI-funded DisCouRSE Network+ Project, this framework aims to strengthen the skills and development of the growing community of digital research professionals. Participants will build and visualise personalised skill wheels and explore how the framework supports individual and team-based development through hands-on engagement with the web app. The session will include a guided walkthrough, real-world use scenarios, and structured activities aimed at gathering targeted feedback to shape the next iteration of the framework.
Attendees will leave with a clearer understanding of their own skills profile and how to use the DIRECT Framework in their own contexts, as individual contributors, team leaders, or organisational strategists."
2025,1066807,124,Can others reproduce your results? Recipes for using uv and pixi to manage Python dependencies,Walkthrough,Software,N/A,High,"Cross-cutting tooling (uv, pixi) for Python dependency management and reproducibility, applicable to all RSEs regardless of domain.","Reproducible environments are crucial for ensuring consistent and reliable software development. They enable RSEs to recreate exact configurations, facilitating the long-term maintenance of projects that may include collaborators with varied levels of software engineering experience. But they're not always easy to achieve. In the worst case scenario, a complicated or difficult pathway during the setup of a project make the whole thing inaccessible to entry-level coders.
This walkthrough will demonstrate the common pitfalls experienced when using pip or conda alone (package conflicts, inconsistent state, and the inability to work across platforms and architectures), and use these to motivate a desire for something better. It will then explore how environment management tools like uv and pixi can help. It will include practical steps and examples of how an RSE, data scientist or scientific coder might incorporate them into a project. The sharing of advice and experiences of attendees would also be welcome!
This walkthrough will be of interest to people that use pip or conda/mamba to install packages for a Python project, or a more established tool like poetry, Pipenv or pip-tools. It will be especially useful to people that collaborate with researchers that have less software engineering experience, but still need to run and develop the project."
2025,1058959,24,Gutenberg: A Training Platform for RSEs,Walkthrough,Software,Community,Medium,"Gutenberg is a general-purpose training platform for RSEs/researchers, cross-cutting tooling. It also relates to training/community but the talk centers on the software artifact and deployment.","Gutenberg is an interactive training platform developed by RSEs for delivering training in software engineering and research computing related topics to researchers, students and other RSEs. It is built with a modern web stack, featuring a dynamic Next.js frontend and a robust API-driven backend. Gutenberg is open-sourced and permissively licensed, making it easy to adapt, extend, and deploy. 

This walkthrough will introduce the core components of the system and demonstrate how it can support material authors, learners and instructors. 

Authors develop course content purely in Markdown, with the addition of some custom callouts, to be stored in one or more separate Git repositories, allowing easy version control and collaboration. The platform renders this material into navigable courses with embedded challenges, code blocks, comment threads, and other multimedia content.

Learners can browse available courses, enroll in them, and track their progress. Challenges let learners test their understanding, while embedded comment threads provide space for discussion and clarification both amongst peers and with instructors.

Instructors and admins have access to an extended interface where they can design and schedule events, monitor learner progress, see feedback, and respond to and resolve questions and comments.
We'll also briefly walk through how to set up and deploy your own Gutenberg instance. With configuration options and a containerized setup, it's easy to run a local or hosted version for your own or shared training materials, whether you're working individually or as part of a team."
2025,1066856,126,Hands-on reproducible computing with Guix,Workshop,Software,N/A,High,"Workshop on Guix, a general-purpose reproducible package management tool applicable across research domains. While neuroimaging is used as an example, the focus is on the cross-cutting reproducibility tooling itself.","Effective computational research requires combination of programs, data and a runtime environment to produce new data to be analyzed and get results eventually published.  Trust and value in open science rely on the ability to reproduce results published in the past literature, and to replicate or generalize the results of a study with new data in the future. Yet, a significant portion of studies cannot be reproduced, even by their very same authors [1].
Computational environments constitute a large source of analytical variability because they are insufficiently captured. With the large adoption of open source, software relies on an ever-growing list of dependencies, sometimes spanning multiple languages. Besides its complexity, the resulting dependency graph is under a constant flux of changes, with new releases, bug-fix and security updates. Such a complex and volatile graph cannot be captured by a simple README file [2].
Specialized tooling is required to efficiently formalize, build and deploy reproducible computational environments. Guix is a package manager, running on GNU/Linux, designed with such reproducibility in mind [3]. It can build and execute binaries independently from the host system, perform builds from source at any point in time, and deploy programs and environments to various targets, including containers.
This workshop provides a guided tour of Guix, focused on introducing the key concepts and commands of this tool, and getting hands-on experience with its practice. First, you will be introduced to the Guix package management commands, create a reproducible environment with `guix shell`, and deploy it with `guix time-machine`. Then, we will walk you through the process of Guixifying a representative scientific pipeline from the neuroimaging community [4]. The session will end with a discussion on Guix adoption in HPC, some of its advanced features, and available support channels.
[1] https://doi.org/10.1038/533452a
[2] https://doi.org/10.1038/s41597-022-01720-9
[3] https://inria.hal.science/hal-01161771v2
[4] https://doi.org/10.1038/s41586-020-2314-9"
2025,1066858,127,"Building a dRTP training catalogue: Understanding training requirements, gaps and provision for research software, data and computing infrastructure professionals",Birds of a Feather,Community,N/A,High,"This is about building a training catalogue for RSE/dRTP professionals, focused on community-wide training provision and skill development across the profession.","As Research Software Engineering has grown rapidly, so too has the availability of open training materials designed for either self-learning or instructor delivery. Developing the wide skill set of an experienced RSE, or indeed a research data or research computing infrastructure professional - a “digital Research Technical Professional” (dRTP) - is time consuming and challenging. Everyone follows, to some extent, a personalised “learning pathway”.
Knowing what dRTPs need to learn at any point in their career is one problem, but knowing what material is available to deliver the skills is a further challenge. This is the focus of this BoF session.
The STEP-UP project (https://step-up.ac.uk) aims to offer training across the dRTP space. To help address this, we’re developing a “training catalogue” in the form of a 3x3 grid covering research software, data and computing infrastructure across beginner, intermediate and advanced skill levels. The initial phase of this work has demonstrated just how much material already exists and how useful a community catalogue of training content could be. It has also highlighted a number of key challenges and questions including how we define beginner, intermediate or advanced training, how is ""advanced training"" represented and what areas are currently missing in the dRTP training material landscape. We are also increasingly aware of the blurred nature of the boundaries between the categories on both axes.
The session will begin by presenting the current state of the work and then open things up to start what we see as an extremely important community discussion. The presence of a large group of RSEs and other dRTPs makes RSECon the ideal forum to gather feedback and suggestions, develop a co-creation approach to this content and build a community around this work. This will help to ensure that outputs provide the best possible support to dRTPs."
2025,1066870,128,The Promises and Perils of Trusted Research Environments,Talk,Software,Community,Medium,"The talk centers on Trusted Research Environments (Data Safe Haven), a cross-cutting platform for secure data access used across research domains, plus surrounding processes and external factors.","Data Science and machine learning are powered by data, and there is plenty of data today: many human activities are powered by software that generates large quantities of it.
While large datasets are constantly generated, putting them in the hands of the engineers and researchers, who can better exploit them, is not always easy. In domains like finance or health, data sensitivity and user privacy require a limited and controlled distribution of data assets.

Arguably, the gold standard for solving this data availability problem is placing datasets within trusted research environments (TREs). TREs are closed computational environments equipped with technical and process controls that enable secure data access to vetted researchers. The Research Engineering Team at the Turing uses a TRE software, our in-house developed Data Safe Haven, alongside our trusted research process to support academic projects of diverse sizes and domains.

We learned that while software and processes are pivotal to the success of a TRE initiative, there are other external critical factors that, if ignored, can derail an academic project. For example, placing data in a TRE comes with regulatory and legal obligations that need to be addressed way before onboarding the researchers into the system. Or dealing with researcher frustration when facing the necessary security controls imposed by platform and process. In this talk, we will rely on years of experience to describe these external factors, their influence on the success of a TRE initiative, and how we approach them at Turing.

We will discuss:
Enabling data-driven research with TREs.
Software and process: The essential factors of every TRE initiative.
External critical factors: Legal, financial, data management, usability, and others.
The Turing way of dealing with these factors, to ensure a successful TRE initiative."
2025,1066891,129,Leveraging GitHub API Data to Evaluate Git and GitHub Training Outcomes,Poster & Lightning Talk,Community,Software,High,"This is about evaluating training outcomes for Git/GitHub training - focused on training effectiveness and skill development in the RSE community, not on a specific tool or research domain.","A key challenge in evaluating the effectiveness of technical training (e.g., Git) is assessing the real-world application of learned skills. Post-training surveys offer one assessment method but suffer from limitations such as variable response rates and limited long-term evaluation. Tracking tool usage in natural settings offers continuous and more detailed insights into application but presents implementation challenges.
The 'Git & GitHub through GitKraken Client - From Zero to Hero!' training has been delivered by the RSE Sheffield team to over 300 participants since 2016. Importantly, a core component of this training involves participants creating and merging a pull request (PR) in a dedicated repository ('evolottery'/'collaborative_github_exercise'). This hands-on exercise, while not initially for evaluation, offers a unique opportunity for naturalistic tracking of training application. Utilizing the GitHub API, we can retrieve data on these PRs (username and date) to assess participants' subsequent Git and GitHub activity.
The poster will detail findings from analysis of this cohort. Specifically, presenting changes in Github activity over time relative to training completion, and exploring the adoption of other Git/GitHub features used in the training. Finally, we will discuss the limitations of these results specifically and our methodology more generally."
2025,1066899,131,A Data Science Platform for the National Oceanography Centre and Beyond,Talk,Software,N/A,High,"The talk describes a general-purpose JupyterHub-based data science platform deployable across infrastructures. Although built at an oceanography centre, the platform itself is domain-agnostic, addressing reproducibility, training, and cloud/HPC deployment for RSEs broadly.","One of the common issues faced in the world of research software is ""it worked on my machine"". In this talk, we will present our efforts at the National Oceanography Centre (NOC) to solve this problem and make the task of writing shareable and reusable software easier by building an interactive Data Science Platform (DSP) based upon JupyterHub. The platform is accessed through a web browser and includes the Pangeo [https://pangeo.io/] stack along with popular machine learning libraries. In addition to a Jupyter notebooks interface we have integrated Matlab and a remote desktop service, removing the need for users to install these locally or rely on X forwarding/NoMachine/VNC.  
The DSP was first deployed on servers owned by NOC. We are employing cloud native technologies such as Kubernetes and S3 style object stores as the basis for much of our digital research infrastructure. This allows us to deploy instances of the DSP on commercial cloud and national computing facilities, providing a uniform user experience regardless of the underlying system. Where the DSP’s server is not powerful enough, we use Dask to enable access to high performance computing or cloud computing resources.  
In addition to providing a resource for developing and running research code, the platform is ideal for training. We use it regularly for Carpentries workshops since it provides all the software the learners require, resulting in a significant time saving during workshops, and allows ongoing access after the workshop.  
As well as a demonstration of this platform, we will present our experiences of deploying and running it, including lessons we have learnt along the way and our plans for its future."
2025,1066903,132,AutoEmulate:  Python library for automatically creating accurate and efficient emulators of complex simulations.,Poster & Lightning Talk,Software,N/A,High,"AutoEmulate is a general-purpose Python library for building ML emulators of simulations across disciplines, making it a cross-cutting software tool rather than domain-specific.","Physical systems are understood and developed through simulations. The complexity of these systems often results in costly and time-consuming simulations. Emulators (surrogate models) can approximate the solution of simulations at a fraction of the computational expense. However, building effective emulators typically requires significant machine learning (ML) expertise, posing a barrier for domain experts. To overcome this limitation, we present AutoEmulate, a Python package that automates the construction of the best emulator suited for a given simulation, employing state-of-the-art advancements in the field. AutoEmulate supports a wide range of emulator models as well as data preprocessing, calibration, and analysis methods. AutoEmulate’s user-friendly interface enables domain experts to deploy high-performance emulators with minimal ML expertise, offering a reliable solution for simulation-driven exploration across various disciplines."
2025,1066909,133,pyonb: an open-source API and optical character recognition SDK for automated document-to-text conversion of clinical records,Poster & Lightning Talk,Research,Software,Medium,"pyonb is an OCR SDK designed primarily for clinical/medical records processing in UK hospitals. While the tool is content-agnostic, it is purpose-built for a specific domain (clinical/healthcare data extraction), making it Research-flavored, but the talk emphasizes architecture, deployment, and tool integration which is general software engineering.","Optical character recognition (OCR) software is becoming increasingly prevalent with the expanding computational power and advancements in natural language processing, which enables reuse of previously untapped data due to the lack of tools for converting images into computer-readable text. Broadly, OCR is the analysis, recognition and extraction of text from documents. There are numerous open-source OCR software toolkits (Tesseract, Docling, olmOCR, PaddleOCR, Marker, Sparrow, MinerU, etc.) providing automatic conversion of images or filetypes such as PDF and DOCX into structured outputs.
Data storage is significantly heterogenous across and within UK hospitals. Medical data is often stored within data warehouses containing hundreds of millions of documents. This volume of data combined with the difficulty of information extraction from scanned documents represents a significant data processing challenge. From a research and innovation perspective, automatic text extraction of hospital documents enables innumerable possibilities such as improving diagnostics, clinical workflows and administrative processes. For example, AI methods can be applied to decades of untapped historical records to create prognostic models that cannot be developed in any other way. 
Here, we present pyonb (https://github.com/SAFEHR-data/pyonb), an open-source Python SDK for automated document-to-text conversion, designed for clinical processing (although it is content-agnostic so useable for any text extraction task). pyonb bundles multiple open-source OCR tools (including Marker, Sparrow, PaddleOCR, and more) with a central forwarding API for requesting which OCR tool to execute. pyonb is designed as a suite of containerised services which can be deployed on a server to retrieve documents from a data warehouse for automated OCR and text extraction.
In this work we describe:
the user requirements which motivated our design decisions
the software architecture
how developers can deploy the software and extend it to integrate their preferred OCR tool
the performance and processing speeds of a subset of OCR tools"
2025,1066921,134,"JAX for Scientific Computing: Bridging the gap between performance, productivity and portability",Talk,Software,Research,High,"JAX is a general-purpose scientific computing/ML library; the talk focuses on its cross-cutting features for performance and portability, though examples come from specific domains like fluid mechanics and plasma physics.","In this talk, I will discuss the use of the JAX library for solving problems in scientific computing. After a brief discussion of the main features of the library, I will focus on how these features enable researchers to develop more efficient implementations of their scientific models that can run on both CPUs and GPUs and that can interface with machine-learning models seamlessly. I will show examples of open-source JAX-based solvers for a few problems across computational science and engineering and share personal experience of developing software for applications in fluid mechanics and plasma physics. Finally, I will discuss some limitations of the JAX library and issues and shortcomings that I have experienced."
2025,1065902,87,Collaborative development of a performance analysis methodology,Talk,Software,Community,High,"This talk is about developing a general performance analysis methodology for HPC software development, applicable across domains. It's a cross-cutting software engineering practice, with community-building elements through workshops.","Use cases of computationally intensive resources, such as High-Performance Computing (HPC), are increasingly diversifying with the advent of machine learning and the rise of the digital arts and humanities, while traditional HPC continues to push the boundaries and ask for more capability. This means we have a more demanding and diverse audience of HPC developers, and we therefore want to build a community on robust methods and practices for HPC use. Performance analysis must play an integral role in how developers use their software, because performant software allows researchers to do more research, but also to responsibly use the shared HPC resources economically and ecologically. This talk reports on findings from a series of workshops and investigative works undertaken at Durham University to develop a performance analysis methodology that is broad but nonetheless rigorous. Typically, performance analysis training begins with profiling and tracing tools. However, this can often leave developers using tools to generate performance data but without a strategy of how to systematically analyse this data or navigate through the space of analysis options. We propose a ‘methodology first’ approach, in which our use of tools is informed by our methodology, i.e., we want to plan our analysis and reach for the right tool for the job. It also comprises a clear roadmap of how to start an analysis and what steps to follow one by one. 
This methodology at the highest level is based on five performance topics: core, intra-node, inter-node, I/O and GPU. The work to develop this methodology has engaged HPC-focused software engineers to collaboratively design decision trees and metrics to probe these individual performance topics. One outlook of this work is to engage with broader communities to understand how these methodologies can be adapted to incorporate the latest HPC workflows including machine learning."
2025,1066939,137,Deploying and Customising KerkoApp: a successful internship project,Poster & Lightning Talk,Community,Software,Medium,"The talk covers both a general-purpose tool deployment (KerkoApp - cross-cutting bibliographic search tool) and the experience/value of an RSE internship program. The internship/career pathway angle is strongly emphasized as a key takeaway, but the software deployment is also central.","Have you or members of your institution been looking for an easy way to present a searchable collection of resources? KerkoApp is an open-source Python-based web application that provides an easy to use, searchable and browsable interface for bibliographic records stored in the Zotero reference management system. It is being used at the University of York to present a catalogue of the research outputs of a 5-year multi-institution plasma project (TDoTP) and as a community-driven resource for collating datasets and tools for researchers focusing on the human voice (YorVoice Catalogue).

The initial deployment and customisation of KerkoApp at York was the first project undertaken by our current year in industry RSE intern. It gave them the opportunity to learn aspects of a wide range of languages and technologies including virtual machines, Docker, Puppet, Python, Flask, Jinja, CSS, nginx and LLMs. They also developed their interpersonal and presentational skills through working closely with researchers on the TDoTP project and presenting the catalogue at the project's final advisory panel meeting.

Poster attendees will find out more about KerkoApp and how it has been deployed and customised at York. Attendees will also learn about the experiences of an RSE intern and the benefits that employing an RSE intern brings to the intern, the RSE team and the wider institution. This project demonstrates the value and benefits of establishing RSE career pathways and promoting RSE skills development within the context of DRI."
2025,1066954,138,Carpentries Lesson on Intermediate Research Software Development,Poster & Lightning Talk,Community,Software,High,"This is about a training curriculum/course for RSEs, focused on community-building around training and recruiting contributors. It's profession-wide training infrastructure.","The Intermediate Research Software Development Course is now at the beta stage in the Carpentries Incubator. Along the path of its maturity, many pilot sessions have been conducted, asynchronous contributions made, and lessons learned as a result. A brief summary of the current status of the course will be displayed, including topics like successful delivery styles that have been used, alternate tooling options such as the popular VS Code IDE, and recent changes to the course content on software design and architecture. As course maintainers, we are always looking for new contributors, so a primary aim of this poster is to raise awareness of the course and its current status. Consequently, we will attract more interest from the RSE community to build a wider platform of support and increase uptake. To facilitate this, we will signpost routes and resources that new contributors can use to get involved."
2025,1066968,139,"Fluid: Towards Transparent, Explorable Research Outputs",Walkthrough,Software,Community,High,"Fluid is a general-purpose programming language/tool for transparent visualization and reporting, applicable across research domains, supporting open science ergonomics.","Although open science principles like FAIR data aim to make scientific results more accessible, intelligible and reusable, in practice “open”  usually just means that data sets and source code are available for download. The charts, figures and text used to present scientific claims remain difficult to interpret or challenge, even for experts. What can we do to build on today's baseline of best practices to address these more ergonomic needs?
Fluid is a new programming language designed to support transparent visualisation and reporting for web-based documents. Fluid provides a runtime  environment with built-in tracking of fine-grained data dependencies; this allows us to integrate data lineage information -- views of the relevant underlying data -- directly into charts and figures, through additional interactions. Selecting a graphical element in a chart can automatically reveal the relevant data, and highlight elements in other visualisations that use the same data.
This presentation will introduce Fluid's syntax and execution model, demonstrate the current tooling, and report on a user study exploring the impact of transparent visualisations on interpretability and trust. We will also demonstrate how to incorporate lineage queries into textual content. For example, if a paragraph of a climate report claims that under a particular emissions scenario, global warming of 2°C is “extremely likely” to be exceeded in the 20th century, a researcher can use Fluid to link key fragments of text to the underlying data and queries over those data sets, so that someone  interested in exploring the evidence base can drill into the underlying data without leaving the context of the report.
The session will be relevant to data scientists and research software engineers interested in how software infrastructure might help support the ergonomic goals of open science, at least for web-based documents. More information and interactive examples are available at https://f.luid.org."
2025,1066983,140,gprMax + MPI: Large-scale open-source computational electrodynamics,Poster & Lightning Talk,Research,Software,Medium,"gprMax is a domain-specific tool for computational electrodynamics (GPR modelling in geophysics, archaeology, medicine), so it's Research. The MPI/HPC scaling work and ReFrame testing have cross-cutting Software relevance.","gprMax is an open-source software package for computational electrodynamics. Designed with a general electromagnetic solver engine, it has a set of core features developed for modelling Ground Penetrating Radar (GPR) and can be used to model electromagnetic wave propagation in fields such as engineering, geophysics, archaeology, and medicine. gprMax is a Python codebase with performance-critical parts using Cython.
This poster showcases the impact of research software engineers on enabling scientific research. Before this project, gprMax simulations could run using a CPU solver parallelised using OpenMP or a GPU solver developed using the NVIDIA CUDA programming model. However, these solvers ran on a single CPU node or GPU, preventing the full utilisation of HPC systems and limiting models to those that fit in the memory of a single node. Our work dramatically increases the modelling capabilities of gprMax by adding a Message Passing Interface (MPI) domain decomposition to the CPU solver that divides models between multiple nodes/MPI tasks. This can reduce the time to results when running on a single node, but more importantly, enables researchers to scale the size and/or resolution of their electromagnetic simulations, allowing them to utilise HPC systems and explore new science.
Additional improvements of interest to the RSE community include a Python interface to support file formats for parallel I/O (VTKHDF), a new suite of regression tests built for HPC using the ReFrame framework, and work to create visualisations of the model geometry and resultant electromagnetic field to demonstrate the new functionality in an accessible way."
2025,1066990,142,"Discovering Academic Open Source:- Universities don't know how much they contribute to the OS ecosystem, why is this and what can we do about it?",Birds of a Feather,Community,N/A,High,"This BoF discusses measuring and recognizing open source contributions at universities, OSPOs, career incentives — a profession-wide policy/community topic.","Open
Source is created and consumed everywhere. Many companies have good insights of
what open source code is developed, contributed and used internally. This is
not the case for universities. In recent years, researchers have released and
contributed to lots of open source software, mostly motivated by Open Science
movements (Open Data, FAIR principles, reproducibility networks), but
universities don’t know what activity is happening in their university or how
much impact that software is having.  
Moreover,
there may not be a motivation for researchers or students to share their open
source activity. For example, the impact of open source contribution may not
help their career progression as compared with research publications. 

In
this BoF session, participants will discuss what to consider when measuring
open source involvement (including beyond code) in a university or research
institution. We will examine what techniques are currently being employed to
measure open source activity by academic Open Source Program Offices (OSPOs)
globally, what are potential benefits and drawbacks of making this visible, and
efforts that are being put in place to recognise and reward the social and
economic impact of open source research outputs."
2025,1067021,145,Towards a National Research Software Engineering Capability: evidencing the impact of RSEs,Talk,Community,Research,High,"This is about establishing a national RSE capability, evidencing RSE impact, and community/profession-building, focused on the A&H domain but addressing the RSE profession itself.","We present an exciting new co-authored Roadmap outlining how to establish a national, people-centred Arts & Humanities (A&H) RSE Capability. Underpinned by a new evidence bank demonstrating the impact RSEs make on research, this work, though focused on one domain, has relevance across the research landscape.

We reflect on the process of creating these outputs, including the careful community management and design that motivated a stakeholder group of 40 co-authors. We also address how we responded to an unexpected but vital funder question: ‘Where is the evidence that RSEs are worth investing in?’ The evidence bank provides a compelling answer, detailing how RSEs organise, interpret, and find meaning in vast and complex data, enabling outputs, accelerating research, and even reducing costs.

The Roadmap acknowledges that infrastructure is both technical and social. Designed with a community of leaders and potential users, it responds to the need to avoid duplication by connecting and extending existing infrastructure. While rooted in A&H needs and challenges, it engages with the broader ecosystem, aiming for integration between domains rather than further separation. It is grounded in case studies that evidence existing impactful RSE capability models across A&H, cultural heritage, and social sciences and that highlight both the potential and need to scale: in terms of user communities, good practice, and innovation pathways. Crucially, the Roadmap also proposes a metascientific research effort to inform strategy, evaluate impact, and support the sector in adapting to evolving technologies and policies. All of this supports open scholarship practices to maximise impact, engagement, and value for money.

We close by inviting reflection on how other disciplines have contributed to the Roadmap’s development, and how they too can benefit from what it sets out."
2025,1058252,19,Entity tagging and relation extraction from historical texts using deep learning,Walkthrough,Research,Software,High,"This is a walkthrough on training transformer models for NER/RE specifically applied to digital humanities historical texts (Old Bailey Proceedings). It serves a specific research domain (digital humanities/history), making it Research, though the techniques themselves are general ML/NLP.","The process of assigning metadata to spans of text in order to encode meaning, or “marking up”, has been central to digital humanities practice since before the field had a name. Thousands of person-hours have been devoted to this task, either performing the process entirely manually, or partially assisted by NLP software.

Since the 2010s, deep learning has profoundly impacted NLP, greatly expanding the range of language tasks which can be performed automatically or semi-automatically. Transformers in particular have improved the performance of tasks such as Named Entity Recognition (NER) and Relation Extraction (RE) to the point where it is plausible that markup tasks previously performed by skilled research assistants can, with appropriate training data, be automated or partially automated. The Digital Humanities Institute in Sheffield has been involved in many large scale markup projects over the past twenty-five years and amassed a huge tranche of potential training data for these tasks. To what extent can deep learning models accurately learn and replicate the work of the researchers who first tagged this material in the 2000s and 2010s?

This walkthrough will instruct participants in how to set up and train a transformer model to mark up defendants, crimes and verdicts in text from the Old Bailey Proceedings and correctly identify the relationships between them. It will also explore how to deduce the optimum training strategy for any similar markup task. For example, the number of ground truth human examples required to produce good results, or shortcuts such as using a partially trained transformer to assist a semi-automated workflow.

Ultimately this technology should allow relevant digital humanities projects to be delivered at lower cost and allocate more time and resources to data analysis rather than markup, promoting research excellence."
2025,1058979,25,Green RSE SIG: Working together to reduce the environmental impact of research software,Birds of a Feather,Community,Software,High,"This is about a Special Interest Group focused on community-building around green/sustainable RSE practices, advocacy, and profession-wide initiatives.","The urgency of the climate crisis demands large scale reductions in emissions from across all sectors of society, including research.  Many funders and research institutions have committed to net zero pledges, that require large scale reductions in emissions, but as yet there is no clear pathway as to how these reductions become achievable.   
The Green RSE Special Interest Group is working to (1) identify and promote best practices for environmentally responsible research software, (2) collaborate on solutions that improve the efficiency of research code, reduce energy usage, and incorporate green practices into software lifecycle management, (3) advocate for green policies within research institutions, funding bodies, and broader communities, and (4) champion the role of RSEs in reducing the environmental impact of research software.
This session will hear from people working on this topic, to showcase the broad range of activities and share experiences. The intention this year is to highlight individuals who may not usually present on this but whose initiatives in their institutions can be interesting to the Green RSE community. There will also be an open discussion on the common challenges and opportunities this work brings. 
By bringing together a diverse and usually underrepresented group of voices, this session aims to spark discussion, surface ideas, and begin building a strong, connected community of practice around sustainable research software."
2025,1070369,162,CATS: Climate-Aware Task Scheduler for environmentally conscious developers,Poster & Lightning Talk,Software,Community,High,"CATS is a general-purpose Python tool for scheduling tasks based on grid carbon intensity, applicable across domains—a sustainability/cross-cutting tool for RSEs.","The Climate-Aware Task Scheduler is a lightweight Python package designed to schedule tasks based on the estimated carbon intensity of the electricity grid at any given moment. This tool uses real-time carbon intensity data from the UK's National Grid ESO via their API to estimate the carbon intensity of the electricity grid, and schedules tasks at times when the estimated carbon intensity is lowest. This helps to reduce the carbon emissions associated with running computationally intensive tasks, making it an ideal solution for environmentally conscious developers. The source code can be found at https://github.com/GreenScheduler/cats."
2025,1067090,149,From Lab to Launch: The evolving role of RSEs in driving sustainable and commercially viable digital solutions,Talk,Community,N/A,High,"This talk focuses on the evolving role and expertise of RSEs in commercialization and translational research, addressing the profession itself rather than a specific tool or research domain.","Research Software Engineers (RSEs) have championed software development best practices and infrastructure standards to enable more reusable, sustainable and reproducible research tools. Their role continues to evolve, with these tools now driving societal impact through commercial and digital solutions. Today, RSEs, supported by Research Data Stewards (RDSs), provide both technical expertise including system design, data governance, quality assurance, and project management; and essential soft skills that underpin sustainable digital infrastructure. At University College London’s Centre for Digital Innovation (CDI) and Advanced Research Computing Centre (ARC), we see the growing need to broaden RSEs’ expertise to develop digital products that serve the public good and support commercially viable ventures. This shift involves understanding areas beyond coding, such as intellectual property, business model design, open-source innovation, data security, and technical leadership. In this talk, we will showcase how RSEs and RDSs are driving mission-led, globally focused solutions. We will also share real-world use cases and discuss the challenges in translating research into meaningful societal impact. We will cover:  (1) Overview of UCL CDI Impact Accelerator programme, (2) Research commercialisation landscape and translational research, (3) Difficulties that university spin-outs face compared to startups, (4) Role of RSE in technical support of academic entrepreneurs, (5) Overview of typical problems with producing research code and building product teams. We will conclude with a call to action to join our community of RSEs driving commercially viable solutions and invite everyone to explore and contribute to our workshop materials, available on our GitHub: CDI-Hub."
2025,1066046,88,What support does research software need? Early lessons from the Research Software Maintenance Fund,Talk,Community,N/A,High,"This talk is about a profession-wide funding initiative for sustaining research software, focused on policy/infrastructure for the RSE community rather than a specific tool or domain.","Software is pervasive in modern research, used in every discipline and underpins many approaches including modelling and simulation; data management, analysis and visualisation; and experiment and laboratory control. Yet it can be difficult, even for widely used research software, to find resources for its maintenance, refactoring and community development, because the focus of much research funding is on novelty.

The Software Sustainability Institute is running the Research Software Maintenance Fund (RSMF), supported by the UKRI Digital Research Infrastructure programme, offering £4.8 million to support and sustain key research software, ensuring it remains reliable and accessible. This initiative is not only funding vital pieces of the research ecosystem but helps us understand what support research software needs to reduce technical debt and grow engagement and how we can effectively provide it.

In this short presentation, we’ll be presenting some early analysis of the types of activities that are being requested, putting them into the context of other research software funding initiatives, providing information on how the RSMF is operated, and getting feedback on what the community thinks is important to address next."
2025,1066060,90,Project management beyond the process: How do RSE team leads learn what the role requires?,Talk,Community,N/A,High,"This talk focuses on training and curriculum for RSE team leads, addressing the people/profession side—leadership skills, inclusive management, and team dynamics in research contexts.","Research today cannot take place without Digital Research Infrastructure (DRI). But how are the teams that develop the research software which underpins DRI managed, and how do we ensure that those leading the teams have the right skills to make them effective and inclusive leaders?

There is a wealth of technical training material targeted at researchers, Research Software Engineers and other Research Technical Professionals (RTPs). Much of this material is open and freely accessible, and institutional RSE groups now play a large role in upskilling practitioners, as disseminated at RSECon. At the same time, through the UNIVERSE-HPC project, we are aware that this availability of training material doesn’t directly translate into a more skilled and capable workforce. 

A particular gap that has been identified is the lack of training materials aimed at teams developing research software, including helping those new to managing or leading diverse teams. There are a large number of resources on software project management, and general team management, but few which take into account the particular challenges of working in the research environment. 

This talk will present work that DRIFT (a follow-up to UNIVERSE-HPC) has done to identify the existing resources, approaches and audiences, and understand what adaptations might be required to be able to use existing materials in a research software engineering context. Starting with the goal of teaching project management skills as they can be applied to software development in research environments, we would like to get feedback from participants on a curriculum, in particular to identify any “hidden” objectives, such as enabling inclusive leadership and research integrity. This will contribute to an openly licensed course that will be piloted in 2026, focusing on the challenges of working with teams with different experience levels, promoting effective communication and knowledge transfer, and creating positive working environments."
2025,1052899,12,Reasonable Performance Computing SIG (SIG-RPC): Help Identify and Document Performance Traps in Research Software,Workshop,Community,Software,Medium,"This is about a SIG (community group) building a knowledge base around performance best practices. It's primarily community-building around the profession, with a strong software/performance technique component.","Most research software is written by researchers who are not professionally trained programmers. This often leads to subtle but significant performance pitfalls—small coding choices, such as inefficient data structures, that can have an outsized impact on execution time. Even experienced developers struggle with performance issues, as language- and library-specific nuances are often learned through experience rather than formal documentation. Unreasonably slow research software harms the productivity of the researcher using it and wastes energy and shared resources (like HPC systems), which can harm the productivity of other researchers too.
The Reasonable Performance Computing SIG (SIG-RPC) was founded to build a community around the research, development, and advocacy of software performance best practices. A key part of this effort is curating a knowledge base of common performance traps and profiling tools to help researchers and developers write faster, more efficient code.
This workshop will introduce SIG-RPC and its knowledge base, guiding attendees through the process of contributing performance trap nominations and mini-guides based on their own expertise. Participants will engage in hands-on exercises such as:

Reviewing existing guides – Are they accessible to a broad audience, including non-experts?

Submitting new performance traps – Are there common pitfalls in your favourite language or library that haven’t yet been nominated or documented?

Contributing new guides – Can you document a performance trap from our backlog or your own experience?

All contributions will be published with attribution, helping to expand the community’s collective knowledge and supporting the development of future training materials on software performance best practices."
2025,1067180,152,CapX – .NET Blazor-ing a trail? An(other) operational management tool for RSE groups,Walkthrough,Community,Software,Medium,"CapX is a tool for RSE group operational management (capacity, timesheets, competency tracking) — it serves the RSE profession as a population, but also discusses Blazor as a web technology choice. The tool itself is about managing RSE teams (community/profession), but framed as a software walkthrough.","Whether you are leading a team of a few RSEs or managing a large department full of all manner of digital research technical professionals, capacity management is an essential activity. That is, knowing what everyone is assigned to work on, at what percentage, and for how long. The “spreadsheet of doom” used to play “Assignment Tetris” was an ineffective tool for the purpose, and so Capacity eXtended (CapX) was developed. However, it didn’t stop there. Frustrated by the lack of frictionless access to good quality data related to people and projects, the CapX data model started to grow, connecting information across the full research lifecycle. CapX now features workload model management for all staff, a competency framework to track development, timesheets, project cost tracking and a secure API so RSEs can build their own tools on top of the database. This walkthrough will demonstrate the features and provide insights into the supporting processes that underpin them. Furthermore, it will discuss the choice of .NET Blazor as its foundation and present as case for why Blazor might be an ideal choice to help diversify your RSE web technology pool."
2025,1063696,53,Let's stop pretending to be unicorns!,Talk,Community,N/A,High,"This talk is about RSE identity, self-perception, and collaboration culture within the profession—clearly about people and the profession.","Research software engineers as unicorns: Here comes the magical RSEcorn, flying in, solving all your problems! 
Or does it?
The narrative of the omnipotent RSE which can be used ""plug&play"" in research projects might be useful for lobbying for recognition and funding, but is problematic for working relationships with researchers. Not only can it lead to frustrations on both sides, it is also the perfect ingredient for imposter syndrome for the RSE.
This talk is questioning the way that we, as the RSE community, tend to view and present ourselves, and how this develops into an unhealthy ""us vs. them"" culture in some parts of the community. 
I also want to highlight where alternative collaboration patterns already exist, and propose an alternative image for ourselves within the wider research community."
2025,1054811,14,"FAIR2 for research software: developing a FAIR (Findable, Accessible, Interoperable and Reusable) and reproducible research software training programme",Poster & Lightning Talk,Community,Software,High,"This submission is about developing a training programme to teach FAIR principles for research software, focusing on capacity building and skill development across the researcher community. It centres on training and profession-wide initiatives rather than a specific tool or research domain.","Recently there has been growing recognition that research software, defined as “source code files, algorithms, scripts, computational workflows and executables that were created during the research process or for a research purpose”1, should adhere to the FAIR (Findable, Accessible, Interoperable and Reusable) principles2, as well as meeting broader open research goals such as reproducibility. The FAIR guidelines for research software (FAIR4RS) provide a framework for the development of FAIR research software1. However, many researchers require additional support to meet these guidelines. Training in the FAIR4RS principles is needed to promote the uptake of FAIR research software practices3.
The University of Sheffield Research Software Engineering team and collaborators developed a modular training programme to support researchers in applying FAIR principles and open research practices to their research software. Topics are offered as separate modules which can be selected according to an individual’s learning goals. We aim to motivate and equip participants with the skills and knowledge needed to create and publish FAIR research software, to meet our goal to support research excellence at the university by enhancing capacity for producing high quality, efficient and sustainable research software.
So far the programme has attracted over 200 registrations and 150 attendees across the University of Sheffield, and provided over 40 hours of training, from software lifecycle planning and licensing to packaging and publishing software. Course materials have been developed as open educational resources under Creative Commons licensing. Feedback from participants indicates that this training is timely and relevant to researchers’ needs.
1 Barker et al., 2022, ‘Introducing the FAIR Principles for Research Software’.
2 Wilkinson et al., 2016, ‘The FAIR Guiding Principles for Scientific Data Management and Stewardship’.
3 Barker et al., 2024, ‘The FAIR for Research Software Principles after two years’."
2025,1066930,135,Improving diversity and inclusivity in RSE: From understanding to practical tools.,Workshop,Community,N/A,High,"This workshop centers on diversity and inclusivity in the RSE profession, addressing people and community-building rather than tools or domain-specific software.","This workshop invites RSEs, team leaders, and community members to learn more about ongoing diversity and inclusivity work at the UK Software Sustainability Institute (SSI) and gain practical tools and techniques to improve diversity in their own contexts. Firstly, we will present key findings from the Inclusive RSE research project which seeks to understand the experiences of underrepresented groups in RSE and work towards practical solutions. We will then ask for your feedback on this project: What resonates within our research? What do you feel is missing? Where do you think we should go next? Following this, we will share actions taken within the SSI’s Fellowship programme to improve diversity, and discuss how these strategies can be adapted to RSE recruitment and community building more broadly. Finally, we will share a scenario-based tool designed to help individuals and teams reflect on and improve inclusivity in RSE. You will have hands-on experience with the tool, guidance on adapting it to tailor it for your own setting, and space to share approaches that have worked within your own institutions. By the end of the session, you will be equipped with new insights, practical strategies, and a connection to people committed to promoting inclusive RSE practice."
2025,1067256,153,AMD GPUs for Scientific Computing: Reviewing the Software Ecosystem & Developer Experience,Talk,Software,N/A,High,"This talk reviews GPU computing ecosystems (AMD vs NVIDIA) as a cross-cutting tooling/platform concern relevant to RSEs broadly, not tied to a specific scientific domain.","At present, NVIDIA dominates the consumer and scientific GPU markets with a market share above 80% for discrete GPUs. AMD GPUs look to be the most viable short-term competitor, but just how viable are they for scientific computing right now? 

In this talk, we will explore the state of the AMD GPU computing ecosystem and compare it against the NVIDIA ecosystem in terms of usability, library availability, support and performance. These aspects are explored through a publicly available suite of implementations of fundamental GPU algorithms e.g. parallel searches and sorts. These are implemented using both NVIDIAs CUDA and AMDs equivalent, HIP/ROCm.

We will also discuss the developer experience of porting a more substantial code which is representative of a scientific computing application. Through this, feature availability is reviewed, looking at things such as atomic operations. In addition we review the state of AMDs compute library ecosystem, discussing the existence and/or effectiveness of equivalents to Thrust, CUB etc. 

Finally, we take a look at the viability of tools which offer automatic conversion of code from CUDA to HIP/ROCm."
2025,1067291,155,"Automated CI/CD with GitHub Actions, starting from scratch",Walkthrough,Software,N/A,High,"This is a walkthrough on general-purpose CI/CD practices using GitHub Actions, applicable across domains.","Have you ever developed a piece of code, pushed it to a GitHub repository main branch, and then moved on to other things? How do you ensure that the code remains functional in a few months’ time, when various dependencies have updated? How do you go about assigning a version number to allow clear traceability of issues for your users? And once you have released a version, how do you go about automatically deploying that to a package repository; ensuring easy installation for your userbase? 
In this walkthrough, we will take a basic software tool as an example and answer these questions (and more) by incrementally building up Continuous Integration/Continuous Delivery (CI/CD) workflows using the ubiquitous GitHub Actions platform. 
Workflows will be developed in a live demonstration. Among other things, we will show you how to automate testing, packaging and deployment for a range of triggers (e.g. updates to a pull request). We will explore the Marketplace for some of the reusable actions that you can embed in your own workflows. We will also talk about some of the pitfalls you will encounter if you don’t release regular versions of your code, and make the case for using CI/CD regardless of the size and reach of your codebase."
2025,1063788,55,Unit Testing in Fortran,Walkthrough,Software,N/A,High,"This is a walkthrough on unit testing tools for Fortran—a cross-cutting software engineering practice applicable across domains, not tied to a specific research field.","Unit testing and testing in general is widely accepted as essential for any reputable modern software. However, it is common to still find Fortran codebases with large communities that contain little to no testing implemented. Where testing has been implemented, this is often in the form of a small suite of end-to-end regression tests. Whilst these regression tests are a great first step, we can do better! There are already several open-source tools to choose from when it comes to unit testing in Fortran, so there is no time like the present to start testing.  
In this walkthrough, we will look at how to set up and write unit tests for Fortran code in a subset of the available tools (pFUnit, test-drive and Veggies) using two build systems (CMake and Fortran Package Manager). Key concepts will be explained and pre-written examples provided. Users will also get a chance to try writing their own Fortran unit tests in a pre-configured repository. Examples will cover testing both serial and parallelised Fortran using OpenMP and MPI, highlighting any key differences."
2025,1066207,91,How AI is Changing DevOps: From Code Suggestions to Auto-Remediation,Talk,Software,N/A,High,"This talk is about AI-powered DevOps tooling—code suggestions, CI/CD optimization, auto-remediation—which are cross-cutting software engineering practices applicable across domains.","As DevOps matures, we're witnessing a paradigm shift—one where artificial intelligence is no longer just an enhancement, but a driving force. In this talk, I’ll share lessons and insights from over a decade and working on large-scale cloud-native systems at AWS, where I’ve had a front-row seat to how AI is fundamentally reshaping the DevOps lifecycle.
We'll explore how AI-powered tools are moving beyond simple static analysis to provide contextual code suggestions, intelligent pull request reviews, and even predictive CI/CD pipeline optimizations. More importantly, we’ll dive into the emerging field of auto-remediation—where AI models trained on historical telemetry and incident data can detect anomalies, pinpoint root causes, and initiate corrective actions autonomously.
This session is designed for practitioners, leaders, and architects who want a strategic yet hands-on view of how AI is changing the way we build, deploy, and operate software in the cloud—today and in the years to come."
2025,1067314,157,Pre-commit to better code,Walkthrough,Software,N/A,High,"This is a walkthrough about pre-commit, linters, and type checkers — general-purpose software engineering tooling applicable across domains.","In this walkthrough, I will walk through using pre-commit to make your code better. Pre-commit, along with automated linters and type checkers, enforces guidelines on every commit, from stylistic issues such as whitespaces and indents, to automatically checking your code for common errors, such as missing imports or incorrect types. In collaborative projects, pre-commit can be invaluable in ensuring that the codebase is of a uniform quality."
2025,1067339,158,From open science goals to technical implementation: Enabling sustainable data sharing for a research team,Talk,Research,Community,Medium,"This talk describes RSEs supporting a specific research team (socio-ecological sustainability) to share a domain-specific dataset, including building a companion R package and dashboard. The work is tied to a particular research project, though it also illustrates general RSE practices around sustainability and open science.","In this talk, we will present how as RSEs we helped a research team achieve part of their open science goals.
A group of researchers studying the generation of scientific knowledge for socio-ecological sustainability sought to share with the public a 5.5-million-row dataset they created during a three-year project in an accessible and engaging way. While their initial expectation was to create a dashboard using Shiny for R, it soon became clear that the nature of the dataset, the financial constraints of the project, and the target audience required a broader approach.
During the talk, we will discuss how we approached the process of understanding their needs, managing expectations, and devising a sustainable solution. We will also share some of the technical decisions made to that end, such as restructuring the data for efficient querying, precomputing summary tables, implementing interface logic that dynamically adjusted the level of granularity based on user interaction, and developing a companion R package. These design decisions balanced usability with long-term maintainability, ensuring that the tool could remain available beyond the end of the research funding.
This experience illustrates how RSEs contribute not only code, but also strategic thinking that bridges open research goals with the technical realities of implementation. By aligning design decisions with open science principles and practical constraints, RSEs can help ensure that research outputs are not just published, but also usable, reusable, and impactful over time."
2025,1067402,159,rplaywright: Bridging Playwright to R for Reproducible Web Automation in Research,Poster & Lightning Talk,Software,N/A,High,"rplaywright is a general-purpose R package bridging Playwright for web automation, applicable across research domains rather than tied to a specific discipline.","Dynamic web content plays an important role in research, from accessing public dashboards to automating testing workflows. However, R users face challenges when working with JavaScript-heavy websites, as most available tools rely on static HTML scraping or browser automation approaches that can be difficult to integrate smoothly into R workflows.
To address these challenges, rplaywright (https://erikaris.github.io/rplaywright/) was developed to integrate the R environment with Microsoft’s Playwright, a browser automation framework used across multiple programming languages. The package enables automated interaction with Chromium, Firefox, and WebKit browsers, operating in either headless or visible modes. It supports tasks such as navigating web pages, scrolling through dynamically loaded content, completing online forms, and extracting information from sites that update dynamically. Features including automatic waiting for page components, handling of infinite scrolling, and reliable interaction with dynamic interfaces facilitate reproducible workflows for research involving web resources.
rplaywright facilitates the seamless integration of dynamic web content into R-based research workflows, supporting scalable and reproducible data collection from interactive web portals. The project originated as part of the rOpenSci Champions Program, emphasising open development and community-driven technical mentorship. The package is suitable for workflows involving interactive data portals, social media platforms, and dynamic dashboards, enabling researchers to programmatically navigate pages, interact with filters, and extract underlying data for analysis. This poster will present the architecture of rplaywright, highlight key design considerations, demonstrate integration with popular R packages for streamlined analysis, and explore how cross-language tools can extend R’s capabilities to enhance research outcomes."
2025,1067407,160,Create impactful scientific visualisations from your laptop*!   (* also requires access to HPC),Poster & Lightning Talk,Software,N/A,High,"Brr is a general-purpose tool for using Blender with HPC for scientific visualization, applicable across research domains rather than tied to a specific discipline.","BlenderRemoteRender (Brr) is a client-server tool for working with Blender, specifically in a research context. Blender is a free and powerful 3D design and rendering toolkit. Although it is used more and more by the research community for producing high quality scientific visualisations, its primarily target is 3D artists. One of the key workflow difference being that researchers, unlike 3D artists and studios, may not have access to powerful rendering hardware locally or render farms. They however usually have remote access to High Performance Computing (HPC) resources setup with a job scheduler. Brr allows researchers to work on their scenes and visualisations locally on a light client while seamlessly connecting to HPC resources and submitting jobs via their scheduler to render images and animations. Because animation rendering is an embarrassingly parallel problem - each frame being independent of each other - Brr maximises Blender's parallel performance by dynamically scheduling frames to single GPUs or single CPU nodes and working with multiple nodes.
In practice, Brr is composed of a Blender addon on the client side and a Zero MQ server both implemented in Python. The server is tasked with receiving configuration and data files from the client, submitting jobs to a queue system (like slurm) and sending back progress status and rendered images."
2025,1065271,71,"Deploying a Web Application with Kubernetes, A Beginner's Guide",Workshop,Software,Community,High,"Hands-on workshop teaching Kubernetes deployment, a general-purpose cross-cutting technology for RSEs. Mentions a SIG but the focus is the tool/technique tutorial.","The academic world is asking for more web-based software to make research more accessible to both researchers and the public. There are many challenges with writing, maintaining and deploying web services, so how as an RSE can we make this journey easier. Cloud-Native technology (Kubernetes) is a very easy and stable way for researchers to deploy cloud based web applications and can be run on everything from a local laptop, Raspberry Pi or HPC reducing the need for a Cloud provider to run your web apps.  This workshop is designed for new starters to Kubernetes who wish to have a practical demonstration of how this technology works and how to apply it in their fields.
 We will provide a hands-on tutorial of how:
 To deploy a simple web application via Minikube
To make updates to your website
Kubernetes can automatically recover when there are underlying problems.
This workshop is for RSEs of all career stages who are interested in web applications, DevOps or deployment. The aim is for participants to come away with a working understanding of Kubernetes and the tools needed to continue to work on this in their own time and maybe bring the technology into part of their working practice. 
This workshop is run by the Cloud-Native SIG, a new special interest group, working to promote the use of Cloud-Native techology in RSE."
2025,1065319,74,A Context for Requirements Handling in an Agile Workflow,Talk,Software,Community,Medium,This talk discusses agile methodology and requirements handling practices applicable to RSE teams broadly - a cross-cutting software engineering practice rather than a domain-specific tool. It also touches on team workflow management.,"When King’s Digital Lab (KDL), an RSE unit based in the Faculty of Arts and Humanities at King’s College London, began operations in 2016 we quickly adopted the industry-standard DSDM Agile methodology. Its emphasis on a fixed-time-and-cost basis with flexibility on features aligns well with the grant-funded projects work we commonly do. Our SDLC includes DSDM-recommended steps and documentation which we have found very helpful. However, because we have small solution development (SDT) teams each working on several projects simultaneously, workflows can be complex and it has been challenging to fully and consistently follow Agile precepts, especially with respect to handling project requirements. 
We like the theory of moving from initial high-level requirement descriptions to greater specificity via iterative development but in practice have found that while a typical Agile try/asses/adjust/try again fosters creativity and refinement in implementation it also brings a constant risk of confusion and inefficiency for the SDT. We have come to see that fast-paced iteration demands a fixed context: something consistent, intuitive, and convenient that allows both SDT and project partners to produce and keep track of evolving requirement descriptions and the constantly moving parts - discussions, decisions, task creation, etc. - that surround them.  ‘Context’ here is not quite an approach (as, for instance, Specification by Example), or a formalized set of practices (like the Requirements Development & Management Practice Area of CMMI), or a purpose-built software tool (e,g. Altium 365) but might incorporate aspects from any or all those things. 
Drawing from our experience at KDL this talk will firstly discuss specific issues in requirements handling which can thwart Agility and frustrate all parties in a project. It will then set out aims, principles and practical considerations pertinent to a fixed context that facilitates rapid iteration in an environment of multiple complex workflows."
2025,1066390,93,HPC Carpentry,Talk,Community,Software,High,"This is about training materials and curriculum development for HPC skills, part of a community-led teaching program (The Carpentries). It centers on profession/training rather than a specific tool or research domain.","The HPC Carpentry project aims to develop highly interactive workshop training materials to empower novices to effectively leverage HPC to solve scientific and technical problems in their domains. This talk provides an overview of the project and its history, explores the content and delivery of HPC Carpentry workshops, and summarises the community's plans for the future. 
Modeled after The Carpentries training programs, the project’s goal is to develop foundational HPC skills and a sense of empowerment, rather than expertise. The workshop setting provides learners with hands-on experience that elicits confidence working with HPC systems and provides sufficient vocabulary to make subsequent self-study more effective.
In a major milestone, the steering committee is leading HPC Carpentry through the formal incubation process to become an official lesson program of The Carpentries, a global community teaching essential data and software skills for research. If adopted, HPC Carpentry will join the existing Software, Data, and Library Carpentry programs. This achievement is the product of significant work over the past several years, incorporating valuable materials from many contributors.
Our most recent focus has been developing materials for a user workshop. We begin with an introduction to the command-line shell (using Software Carpentry’s Unix Shell lesson), followed by our Introduction to HPC lesson, covering remote access and resource management. We end with a newly developed lesson on HPC workflow management, which walks learners through the execution of a scaling study on an HPC system, emphasizing both the benefits and limitations of the system for domain applications. This workshop program was recently run in full at the Lawrence Livermore National Laboratory.
Future plans include building a developer workshop, reconnecting with disparate contributors, and engaging with the broader community through regular open conference calls and outreach."
2025,1066393,94,Developing and Leading Regional RSE Communities,Workshop,Community,N/A,High,"Workshop about building and leading regional RSE communities, organized by a SIG—clearly about people and profession.","Are you leading, wanting to develop, or keen to join a regional group? In this workshop we want to discuss the value of regional groups, as well as challenges in starting, building up and maintaining momentum in those communities which fall half-way between institutional RSE hubs and national associations. With a mix of talks and discussions we will aim to extract best practices and not-so-great experiences, as well as giving people the opportunity to make connections to other community leaders.

The workshop will start with a number of talks where attendees will hear about the experiences (successful and not) of participating in and running regional groups. We will then facilitate an open and honest discussion where we will trade ideas and give advice. We hope to cover maintaining community engagement, regional meetups, regional funding as well as any ideas brought forward by the community.

At the end, attendees will be better prepared, connected and motivated to contribute to their regional group. They will gain an increased understanding of the value of these groups and where they stand in the RSE community hierarchy.

This workshop is organised by the Regional RSE Groups Special Interest Group."
2025,1059022,26,Reflections on cross-cutting software tools born out of project work,Talk,Software,Community,Medium,"The talk reflects on developing FTorch, a cross-cutting tool for ML/Fortran interop, but the core message is about how RSEs identify and nurture cross-cutting software from domain projects—a profession/practice reflection. It straddles Software (the tool itself) and Community (RSE role and growing software).","RSEs regularly collaborate on time-bounded projects, with code ownership remaining with researchers. Sometimes, however, such collaborations lead to the development of cross-cutting digital research infrastructure with potential for impact beyond a single project or domain.
How can RSEs identify and nurture these pieces of software, and how can they use their unique position in research to drive these interconnections?

ICCS RSEs work with climate scientists to improve the functionality and sustainability of climate modelling code. Much of this is written in Fortran, which remains relevant due to continued updates to the language standards and compilers, and considerable societal inertia, but lacks native support for machine learning (ML). With hybrid modelling being a popular research topic, a common request from collaborators is to facilitate inter-operation of their codebases with the popular ML package PyTorch. As a result we developed the FTorch interface. Given the cross-cutting nature of ML inter-operation, FTorch was spun out of the original project as a fully-fledged package in its own right and has since been deployed in several other projects and domains.

In this talk, we reflect on our experiences developing FTorch. We discuss the decision to spin FTorch out beyond the original collaboration, and the subsequent journey to become an independent package developed and maintained by our team. Early on we faced the challenge of developing FTorch in ‘non-project time’ and managing it in-house (something not generally within ICCS’ remit for project work). We subsequently secured FTorch-specific funding to support development, promotion, and collaboration. Finally, we discuss how the unique role of the RSE is well suited to spotting opportunities for interconnected research.

We hope that the talk will inspire attendees to focus on cross-cutting software that they have developed in their team and provide useful tips for how to grow such software into fully-fledged projects."
2025,1066462,96,The End of Front-End: Delivering Software via LLMs and the Model Context Protocol,Walkthrough,Software,N/A,High,"This talk introduces a general-purpose protocol/technique (MCP) for delivering software via LLMs, applicable across research domains rather than tied to a specific discipline.","What if the future of software delivery didn’t involve a user interface at all? With the rise of large language models (LLMs), we’re entering a new era where software can be consumed through natural conversation, not clicks. In this walkthrough, I’ll introduce the Model Context Protocol (MCP)—a new way to expose real-time, typed, dynamic data to LLMs, enabling them to act as intelligent, conversational front-ends for research software.
I’ll demonstrate how to build a simple MCP server that exposes live data and commands to an LLM, transforming a traditional API into a human-friendly interaction. Along the way, we’ll look at what problems this approach is suited for, how it compares to conventional apps, and what design patterns are emerging.
This session is designed for data scientists, engineers and researchers curious about combining conversational AI with real-world data and delivery workflows."
2025,1066484,97,Green Research Software Engineering for Beginners,Poster & Lightning Talk,Software,Community,Medium,"Introduces green software engineering concepts and tools for RSEs broadly, covering cross-cutting sustainability practices and tooling applicable across domains.","This poster introduces foundational green software engineering concepts collated specifically for Research Software Engineers (RSEs) at the beginning of their sustainability journey. With computational research increasingly driving scientific discovery, understanding the environmental impact of research software has become crucial. Research computing, particularly high-performance computing (HPC) consumes significant energy resources, making sustainable practices essential. 
We first highlight major scientific research fields that consume large amounts of compute power. 
We then identify key energy-intensive compute processes including CPU utilisation, memory management, disk operations, and continuous integration/deployment pipelines that represent significant areas for optimisation. 
The poster presents practical monitoring tools such as `CodeCarbon` for tracking machine learning model emissions and `AIWattch` for measuring large language model’s (LLM) environmental impacts during browser-based interactions. 
We introduce various metrics for evaluating software energy efficiency, e.g. energy consumption per function, water usage considerations, and lifecycle assessment approaches. 
By identifying emission scope in terms of direct (Scope 1), indirect energy-related (Scope 2), and value chain (Scope 3) impacts, we enable RSEs to make environmentally informed development decisions. 
The poster advocates for GREENER software engineering principles that promote awareness and collaborative action toward sustainable development practices.

As use of artificial intelligence and machine learning applications is booming across research domains, this introduction provides guidance for professionals seeking to minimise the environmental footprint of their increasingly computation-intensive work."
2025,1066488,98,The KODAQS Toolbox: An Open Educational Resource for Ensuring Data Quality,Poster & Lightning Talk,Research,Software,Medium,"This is a domain-specific (social sciences) educational toolbox for data quality, but it's also a general framework for educational content. The primary focus is a tool built for social science research data quality, making it Research, with strong Software/Community (educational) aspects.","Valid conclusions can only be drawn when data meets rigorous quality standards, and when researchers are equipped with the appropriate tools and expertise to assess them. Ensuring data quality has become particularly important within the social sciences due to increasingly complex research settings, a declining willingness to participate in surveys, and the growing reliance on automated and scalable evaluation of available data. To this end, we present the KODAQS Data Quality Toolbox, developed as part of the BMBF/EU-funded Competence Center for Data Quality in the Social Sciences (KODAQS).
The KODAQS Toolbox provides tools and tutorials on conducting key data quality analysis to help social scientists evaluate and improve the quality of their research data. The Toolbox covers three main data types: 1) survey data, 2) digital behavioral data, and 3) survey data linked with data from other sources, recognizing that challenges for data quality differ greatly for these data types.
At its core, the KODAQS Toolbox employs containerized environments to render literate programming-based contributions from open repositories into HTML pages as well as downloadable Jupyter Notebooks, Quarto files, and PDFs, ensuring the reproducibility of its materials. As an educational platform, the Toolbox lowers entry barriers for learners by providing reusable code, embedded video tutorials, sample datasets, self-assessments, and downloadable source files – all designed to support hands-on learning. In addition, it incorporates Binder-based interactive execution environments that allow users to run the learning materials directly in their browser without requiring complex setup.
The underlying open-source framework of the Toolbox allows straightforward integration of new tools and tutorials, making it an ideal platform for contributors to share their content. Beyond its immediate use, the Toolbox serves as a transferable model, demonstrating how modular, open, and reproducible content can be effectively aggregated to support a wide range of research domains."
2025,1058757,22,Towards Cloud-Native Workflows for Environmental Data: Lessons from NOC and UKCEH,Talk,Software,Research,Medium,"The talk discusses cloud-native data workflows, object storage, Zarr/Kerchunk formats - generally applicable techniques, though motivated by environmental data domains (oceanography, ecology). The techniques themselves are cross-cutting and applicable to any large gridded dataset.","Scientific datasets are continuing to increase in size. Traditional methods of data analysis are struggling with the increased local storage and compute resources required. As a result, a transition to cloud-based technologies and ways of working is becoming increasingly necessary. This talk shares the ongoing collaboration between the UK’s National Oceanography Centre (NOC) and the UK Centre for Ecology and Hydrology (UKCEH) to explore management, sharing and analysis of large gridded environmental datasets based in the cloud. Our goal is to make the transition to working with datasets on the cloud as easy as possible for researchers.
We will focus on three key areas: object storage: what it is and why we are using it, cloud-native data formats and how we convert between them at scale, and interfaces for visualising and working with the data.
We store our data in object storage systems using Zarr and Kerchunk formats, which support massively-parallel access over the web and thus scalable computations. We’ve tested different ways to convert data, and will share what works well and what doesn’t. 
Using these formats come with its own set of challenges however. Key amongst these is the requirement that data is split into chunks. Chunk size strongly influences speed of data processing and visualisation but chunk sizes that are good for scientific analysis are not good for visualisation. We will share how we have attempted to mitigate this and other related challenges.  
We’ll show benchmarks comparing different methods and chunking strategy performance on the data conversion, simple scientific analyses and the tile-server visualisation, and share successes, challenges and tips that folk can take away from our work so far. We hope it will help others who are thinking about or working towards making their data systems more cloud-ready."
2025,1066498,99,From code to contributions: exploring open source culture in academia,Workshop,Community,N/A,High,"This workshop focuses on the culture, recognition, and reward structures around open source contributions in academia—a profession-wide issue about people and incentives, not a specific tool or research domain.","""It is a truth universally acknowledged that a code repository with an open source license must be in want of an extra maintainer."" - Jane Austen, probably. 

While academic researchers and research technical professionals rely heavily on open source tools and software, and open research policies increase the amount of codebases available globally, contribution patterns remain uneven, with maintenance work often undervalued within academic reward structures. This workshop forms part of a larger 2025 SSI Fellowship projecct examining the current culture of open source contributions in the academic landscape and considering opportunities to incentivise, reward, and recongise the collective work of maintaining 
Participants will share personal experiences of open source contributions, and collectively analyse barriers to sustainable participation. They will also hear from groups currently working to actively promote open source contributions at their organisations, before brainstorming and developing practical proposals for effective support for open source contributions within academic settings. 
Participants will leave with both individual action commitments and collective strategies to enhance the recognition, support, and sustainability of open source contributions in academic environments."
2025,1066517,101,An overview of the DisCouRSE Network+ grant: Developing a Community of Leaders in RSE and related professions,Talk,Community,N/A,High,"This talk is about a grant developing leaders and community across RSE and related digital research technical professions, focused on careers, training, and profession-wide initiatives.","I will introduce our newly funded UKRI Network+ grant, covering what we're aiming to accomplish in the next three years, and how we would like the whole community to get involved!
Scaling and sustaining the impact of digital Research Technical Professional (dRTP) communities like ours requires developing leaders who have an amplifying effect. Our central premise is to build from the critical mass of the UK RSE community, connecting and training cohorts of leaders, who can use our flexible fund to advance the skills and careers of all digital RTPs (not just RSEs). Much work has already been done, but opportunities are varied across role types and locations. Most success has been achieved through related professions working together, not by treating RSEs as a special case. We therefore seek to identify and expand such best practice, build stronger connections between those facing similar challenges, across sectors, and thereby make greater impact more rapidly. We are also investing in developing the Digital Research Competencies Framework to inform what training is needed for leaders, and partnering with existing experts to develop and deliver this at scale.
This talk will give a brief overview of the project and launch our first flexible funding call for proposals. We will distribute £1,000,000 as seed funding in multiple rounds over the next 3 years. I will describe the types of submission we are looking for (e.g. pilot projects, workshop series, training programmes, and the like) and how to apply for funding.
Related sessions with more interaction include 123, 127, and the training satellite day on Friday."
2025,1065462,78,ConveRSE - Let's Talk About Mental Health,Talk,Community,N/A,High,"This talk centers on mental health in the RSE profession, a community/profession-wide concern, and introduces a hub for resources aimed at RSEs and RTPs.","As part of my Software Sustainability Institute (SSI) Fellowship, I’ve been looking for ways to support mental health in the research software community. 1 in 4 adults experience mental health problems each year, and in 2022, Dave Horsfall conducted a survey which showed that a range of issues are common among Research Software Engineers (RSEs). This is hardly surprising, as working as an RSE or Research Technical Professional (RTP) presents a unique set of challenges; we have to deal with context and technology switching, impostor syndrome, limited career opportunities and recognition, on top of software development being notorious for burnout and… well, everything going on in the world right now! If not properly managed, it can be a recipe for mental health disaster, as I know only too well!
In this talk, I will tell the story of how I became a father in lockdown, how it led to burnout and an anxiety attack, and how that experience motivated me to apply for the Fellowship. I will explain why I believe it is essential to continue the conversation around mental health, to create an environment where people can discuss mental health in the workplace, and why it’s better to address issues before they turn into larger problems. I will look at what we can practically do to support mental health among RSEs (and those in similar professions), including some advice, best practices and other things I’ve learned from telling my story and discussing mental health at various events over the last couple of years. Finally, I will introduce ConveRSE - a new online hub for mental health information, projects and resources aimed at RSEs and RTPs - and encourage people to get involved so we can work together to create a better future for ourselves and our colleagues."
2025,1066522,102,Quick tips for making your software outlive your job,Talk,Community,Software,Medium,"This talk addresses software sustainability practices and resilience of research software in the face of personnel loss—a profession-wide concern about people, careers, and infrastructure, sourced via a ReSA Task Force. While it gives software tips, the framing is about community-level sustainability and the RSE profession's response to workforce instability.","Loss of key personnel has always been a risk for research software projects. Key members of a team may have to step away due to a change in national or university funding, due to illness or burnout, or because they are simply changing jobs. Today, political and financial changes are putting large numbers of researchers out of work simultaneously, both in the UK and abroad, potentially leaving large amounts of research software abandoned and destabilising necessary digital research infrastructure. We present ten tips to help researchers ensure that the software they have built will continue to be usable after they have left their present job, for any reason. These techniques, methods, and best practices were collectively sourced from researchers from dozens of universities across the globe, and are now being improved upon in a ReSA Task Force. The tips shown here will enable individual researchers and labs to position their work in a way that makes it more sustainable and usable going forward, resulting in a more resilient research software ecosystem."
2025,1065483,79,Reimagining Digital Accessibility: From Compliance to Collective Responsibility at King's Digital Lab,Poster & Lightning Talk,Software,Community,Medium,"This is about a cross-cutting software engineering practice (accessibility process integrated into SDLC) applicable to RSE teams generally, with strong community/team dynamics elements.","Digital accessibility is often seen as a compliance issue, but King’s Digital Lab’s experience shows it is deeply rooted in human connection, team dynamics, and strategic thinking. We share our current approach to embedding accessibility within research software projects. Informed by years of learning and feedback, the updated process is designed to be both practical and collaborative, ensuring accessibility is actively considered across software development roles and project phases, encouraging shared ownership across disciplines. 
 
In 2023, we formed a dedicated accessibility team involving a designer, engineer, and project manager to lead a procedural shift. The approach builds on lessons learnt from previous efforts and is structured around our Software Development Life Cycle (SDLC), supported by shared documentation and visual artefacts, with stages aligned to clearly defined roles and responsibilities. 
 
The process was trialed on active projects to test its usability, refine documentation, and identify areas for improvement within ongoing project workflows. This iterative rollout ensured the approach stayed responsive to real team needs, while encouraging open feedback and continuous refinement. We focused on building a process that promotes engagement, adaptability, and sustained momentum over rigid compliance. 
 
The poster outline key principles and elements that shaped our process, offering RSE teams to reflect on, adapt, or build upon in their own contexts. Our process begins by prioritising accessibility requirements using the MoSCoW method, followed by scoping with the project team. Assessments and fixes are integrated continuously during development. Fixes are documented in GitHub; unresolved issues, tools, and methods are recorded in the accessibility statement when needed. 
 
We welcome feedback, collaboration, and insights from others exploring inclusive, process-based strategies for accessibility in technical and research-focused environments. Our goal is to foster accessible outputs through approaches that are inclusive not just of users, but of the research software teams that create them."
2025,1066555,104,Making Software Easy-Build Friendly: Streamlining HPC Software Deployment,Talk,Software,N/A,High,"EasyBuild is a general-purpose HPC software deployment framework that applies across research domains, focusing on packaging, reproducibility, and build automation.","Reproducible, maintainable, and scalable software builds are fundamental to high-performance computing (HPC) environments. However, the traditional approach of manually compiling and configuring scientific software is often time-consuming, error-prone, and difficult to replicate across systems. This presentation explores how making software EasyBuild-friendly significantly simplifies the process of deploying complex software stacks on HPC systems.
EasyBuild is an open-source framework that automates the building, installation, and management of scientific software on HPCs. By creating EasyBuild “easyconfigs” and optionally writing custom “easyblocks,” users can define builds declaratively—reducing the need for manual intervention and ensuring consistent results across installations. The session will cover key principles for adapting or packaging software to be EasyBuild-friendly, including proper handling of dependencies, versioning, environment modules, and integration with software stack management tools like Lmod.
Through practical examples, we will demonstrate how to convert manual build processes into automated EasyBuild recipes. We will highlight the benefits for both research software engineers and end-users: faster deployment, simplified software stack maintenance, and improved reproducibility. Attendees will also learn how to contribute back to the EasyBuild ecosystem, making their software accessible to a broader HPC audience.
By adopting EasyBuild in research environments, institutions can reduce redundant work, standardize their software environments, and free up valuable researcher time. This talk aims to empower RSEs to leverage EasyBuild not just as users, but as contributors shaping the future of sustainable HPC software deployment."
2025,1065522,81,Making a SPLASH: How digital tools are revolutionising wave overtopping prediction,Talk,Research,Software,High,"This is a domain-specific tool built for coastal wave overtopping prediction, a specific environmental/oceanographic research application.","The SPLASH project   has created an environmental digital twin able to forecast and visualise wave overtopping to support coastal communities in high-risk flooding areas. It provides an excellent example of RSE teams combining user centred design, interactive plotting, machine learning and containerisation to take a scientist’s proof of concept Jupyter notebook to an easy-to-use web dashboard.  
 The SPLASH digital twin uses a random forest machine learning model trained on wind, water level and wave data combined with wave overtopping data from a WireWall sensor. A test scenario is based around the coastal railway in Dawlish, Devon, and a coastal frontage with high social value (recreation and tourism) in Penzance, Cornwall. Overtopping data and forecast conditions are displayed on an interactive dashboard able to display wave overtopping graphs from today up to five days ahead. This dashboard also allows users to adjust the wave, water level and atmospheric features to predict new overtopping scenarios and understand how these variables influence the overtopping hazard. The tool is built using a Plotly Dash frontend and models in scikit-learn.  Up-to-date wave and wind forecast data is obtained from the Met Office through a set cron scripts and the tidal levels are obtained from local predictions. A set of Docker containers are used to run the frontend, backend and downloader making the whole system easy to deploy on a dedicated server, virtual machine or cloud provider. This research shows how integrating machine learning models with digital technologies enables prediction of wave overtopping very efficiently. This digital tool serves as a decision-support system for mitigating coastal hazard, e.g. impact by overtopping waves, benefiting both community policy makers and railway operators with infrastructure in affected regions."
2025,1065530,82,Bridging Academia and Industry: An RSE’s Perspective on Commercial Collaboration,Talk,Community,N/A,High,"This talk focuses on the RSE profession itself—specifically the experience of working on commercial collaborations, navigating contracts, politics, and skills required. It's about the RSE role and career, not a specific tool or research domain.","Research Software Engineers (RSEs) often operate at the intersection of software development and academic inquiry. However, their roles can extend far beyond traditional research boundaries. This presentation explores the unique challenges and insights gained from working as an RSE on a commercial project in partnership with a university. Unlike typical research-focused roles, commercial engagements involve navigating complex contract negotiations, company politics, and differing expectations in project management and delivery. Drawing from a recent experience, I will detail a collaboration where a company initially relied on generative AI to convert mathematical formulas into Python code. When the results fell short, both mathematical insight and computational rigor were needed—prompting the company to seek support from our university. This case study highlights the technical, organizational, and interpersonal skills required of RSEs in commercial settings, as well as the pros and cons of stepping beyond purely research-oriented work."
2025,1065546,83,Harnessing the power of AIRR supercomputers for trusted research,Talk,Software,Community,High,"FRIDGE is a cross-cutting TRE platform built on HPC/AIRR for secure AI research—general-purpose infrastructure serving researchers across domains, not tied to a specific scientific question.","How can we use the country's most powerful supercomputers for research on sensitive data while keeping that data secure?

Complex AI models trained on large datasets are having a enormous impact in many research domains. However, training and applying such models requires high performance hardware and specialist accelerators such as GPUs. The new AI Research Resource (AIRR) has greatly expanded the availability of GPU-enabled compute to support large scale AI research in the UK.

Working with sensitive data requires high levels of security to ensure that the data is only accessible by approved researchers, and only for approved research. Trusted Research Environments (TREs) provide secure analysis environments for working safely with sensitive data. However, TREs do not provide the computational power and scaling that is required for the development and application of large models. Conversely, high performance computing (HPC) platforms do not generally support TRE capabilities, and therefore cannot provide sufficient security for working with sensitive data.

In FRIDGE we are building a SATRE and NHS standards compliant, cross-platform TRE on AIRR; unlocking the power of these system for AI-driven research using sensitive data.

In our talk we will discuss,
The unique challenges of creating a secure enclave on a shared resource
How we approach the problem of building a TRE to be transferable between multiple HPC systems, and clouds, using IAC and Kubernetes
How FRIDGE can be used to add new capabilities to existing TREs
Enforcing security through policy as code
How we solve governance, when responsibility is shared between the HPC site and TRE operator
The different TRE architectures we considered, and how we arrived at our choice"
2025,1064290,62,Observability: A Practical Primer for RSEs,Walkthrough,Software,N/A,High,"Cross-cutting software engineering practice (observability) applicable to RSEs across domains, with general-purpose tools.","When you distribute and run your software, do you have a good idea of how it's functioning ""in the wild""? Do your users have to manually report back to you when they find a bug - and do you have access to the software state when it occurred? How do you know if your application has enough resources when running on a cluster or the cloud, and at what rate it's processing datasets/jobs?

These questions are some of the motivating use cases underpinning observability, which can broadly be defined as using event-driven data (telemetry) to gain insights into the functioning of both software and infrastructure. Observability is useful for troubleshooting issues on production systems, monitoring performance and security, and for tracking key metrics and events happening within a system.

In this introductory walkthrough, I will introduce observability in the context most often used by RSEs - running software in ""batch"" mode (e.g. running on a cluster) or ""server"" mode (long-running applications on cloud or workstations). The three main telemetry types will be introduced - metrics, logs, traces - and I will demonstrate how to capture metrics from Python applications in ""batch"" mode using Microbench (pypi.org/project/microbench) and in ""server"" mode using OpenTelemetry (opentelemetry.io) and Prometheus (prometheus.io). I will share resources for capturing logs and traces (for later study, in the interests of time). The emphasis will be on simple, practical examples that RSEs can adopt into their own software with minimal fuss."
2025,1066622,108,Record a goose sighting: an introduction to accessibility testing for RSEs,Workshop,Software,Community,High,Workshop on accessibility testing as a cross-cutting software engineering practice applicable to any research software UI.,"Research software should be accessible to everyone, including people with disabilities. In many cases, it’s a legal requirement. But how do we know if our software meets accessibility standards?
In this workshop, you will learn how to perform accessibility testing on user interfaces and webpages. Guided by real-world user personas, you will explore a fictional government service for recording goose sightings, and discover how design decisions can create accessibility barriers for some users. You'll then apply what you've learned to search for (and fix!) real accessibility barriers in one of your own projects.
No previous accessibility experience is required, but if you’re comfortable editing a user interface or website, you’ll get more out of the final part of the session.
Our goal is for you to leave with practical and effective inclusive design skills, and the confidence to identify and fix barriers in your own projects.

On the Day Link: https://pad.disroot.org/p/rsecon-a11y-workshop"
2025,1065612,84,Embedding energy efficiency in computational communities,Talk,Software,Community,Medium,"This project surveys multiple computational communities to develop cross-cutting guidance on energy-efficient software practices, benchmarking common libraries like BLAS/LAPACK. It's a general sustainability/efficiency tooling effort applicable across domains, with a community-engagement aspect.","The Collaborative Computational Projects (CCPs) are a set of communities funded by CoSeC (https://www.cosec.ac.uk/) that develop and maintain a wide range of scientific software. but without information on energy efficiency, it can be difficult for users and developers to make informed choices about the way they write or use that software. Current understanding is limited, and whilst some communities have started developing guidance on energy efficiency, this is often application specific and time consuming for researchers. Our cross-cutting project aims to generalise existing knowledge of sustainable computing and address common challenges across disciplines by: 
Surveying the CCPs to identify common software libraries, such as BLAS and LAPACK, and challenges to improving energy efficiency,
Benchmarking the performance and carbon intensity of these common software libraries and their alternatives,
Using this information to create best practice guidance to allow RSEs to improve the energy efficiency of their software."
2025,1065613,85,How to talk to your documents: An introduction to using natural language to query documents with Retrieval Augmented Generation (RAG),Walkthrough,Software,N/A,High,"Tutorial on building a general-purpose RAG system using open-source tools, applicable across domains—a cross-cutting software/AI infrastructure topic.","Large Language Models (LLMs) are powerful, but they have some well-known limitations particularly when interacting with your own documents. LLMs can hallucinate facts, they don't have access to up-to-date or private information, and they can't always explain where their answers come from. Retrieval Augmented Generation (RAG) is a way to fix some of these problems by letting the model pull in relevant information from external sources before generating a response. This makes answers more accurate, more current, and easier to verify because the model can cite its sources.
In this session, we'll introduce the basics of how RAG works and then walk through building a complete RAG system from scratch using only open-source tools. We'll use Python, along with libraries like Ollama and LangChain, to show how you can build a local document search system, connect it to an LLM, and get better answers without relying on any external APIs. You’ll learn how to index documents, retrieve them effectively, and generate responses.
We’ll also touch on common RAG limitations, such as the importance of data quality and handling large context sizes. Finally, we’ll look at a few advanced techniques to help improve accuracy and performance. By the end, you’ll have a working understanding of what RAG is, how to implement it using open source tools, and how to build and apply your own RAG powered applications to talk to your own documents."
2025,1066668,110,Working with SYCL for a portable and performant library adding reactions to particle codes used in plasma physics.,Poster & Lightning Talk,Research,Software,High,"This is about a library built specifically for plasma physics simulations (particle reactions in tokamak exhaust), making it domain-specific research software. SYCL/portability aspects are secondary software-engineering considerations.","In plasma physics simulations and in particular those of the tokamak exhaust, atomic and molecular reactions can play an important role. These need to be incorporated into various particle codes with many complex reactions and a large number of particles that must be processed, all of these aspects in combination require both flexibility and performance. NESO-Particles is a performance portable framework for building particle codes on meshes (both structured and unstructured) developed at UKAEA, and we have chosen it as a basis for our particle reactions library. NESO-Particles is built on SYCL to provide said performance portability and we inherit this capability in our library. This allows the codes using the library to run on both CPUs and NVidia GPUs on either local machines (such as laptops) or large clusters (such as CSD3 in Cambridge). However, the use of SYCL required certain considerations to be taken into account and posed some design challenges that were overcome. For example we had to consider that all data that is used inside SYCL loops has to be compatible with the SYCL compute device (this is particularly apparent when using GPUs), while ensuring a relatively smooth and flexible installation procedure. This poster showcases various SYCL-based design constraints encountered in this project as well as how Spack was used to manage package dependencies. Additionally, there is also some exploration of the process of open-sourcing the library that has unique configuration and installation considerations owing to its portability via SYCL."
2025,1066691,112,Transforming Digital Research Infrastructure for Environmental Science,Talk,Community,Research,Medium,"This talk is about delivering Digital Research Infrastructure for environmental science at UKCEH, focusing on team composition, methodologies (Agile, PRINCE2, co-design), and how diverse roles work together. While environmental science is named, the core content is about how to organize teams and practices for DRI delivery — a profession/community topic. There's also a domain-specific angle.","Delivering cutting-edge Digital Research Infrastructure (DRI) to support environmental science demands more than just new tools—it requires a fundamental shift in how we work. Much like the proverb “It takes a village to raise a child,” delivering effective DRI demands contributions from a broad community of professionals. Success depends not only on Research Software Engineering (RSE), but also on the combined efforts of experts in DevOps, data science, data management, and design (including Human-Computer Interaction (HCI) and Software Architecture) .

At UKCEH, we’ve embraced a multidimensional approach, drawing on this diverse range of skills and practices. Our large, multi-year DRI projects integrate methodologies such as Agile (Scrum and Kanban), PRINCE2, and co-design. This mix isn't always seamless. We share how these varied approaches and skill sets intersect in practice—what’s worked, where friction has arisen, and how we've adapted to meet the evolving demands of digital environmental science."
2025,1064235,61,Enabling Research Software Excellence through RSEng Community Conversations,Poster & Lightning Talk,Community,N/A,High,"This describes a community-driven conversation series promoting RSE practices in the Global South, focused on community-building and engagement rather than a specific tool or research domain.","A six-month-long online community conversation series titled ""Enabling Open Science Through Research Code"" (https://rse-asia.github.io/RSE_Asia/events.html) was organised jointly by the RSE Asia and RSSE Africa communities from October 2024 to March 2025. Drawing inspiration from CodeRefinery’s (https://coderefinery.org/) training materials, the series was contextualised for the communities in the Global South. Since, in the Global South, the open science movement is comparatively more recognised than the research software engineering (RSE) movement, the message was anchored in the language of open science to broaden reach and engagement among researchers who code.
Each episode featured an open panel discussion on a topic critical to sustainable and reproducible research software practices, such as reproducibility, documentation, and testing. People working in the Asian and African regions or those who had experience working/collaborating with researchers from these regions were invited as panellists. To enhance accessibility,  the sessions were recorded and shared with the communities. Each episode was also accompanied by a summary blog post and a curated resource sheet publicly available on Zenodo.
The impact of the series was visible in community engagement, with RSE Asia’s social media (https://www.linkedin.com/company/rse-asia-association/?viewAsMember=true) engagement rate increasing by 71% during the process. The series also enjoyed popularity with a globally distributed audience across varied time zones.
This poster presents the model that was used for organising this Global South focused community initiative, the strategies that were adopted to increase participation and accessibility, and the types of openly licensed outputs that were co-created. Overall, this series is a testament to how cross-regional collaboration and community-driven efforts can effectively promote research software excellence."
2025,1066732,114,Supporting digital research infrastructure with software audits: Help us shape good practice.,Workshop,Community,Software,Medium,"This workshop is about developing audit practices for research infrastructure, involving policy, profession-wide good practice, and community input to shape UKRI DRI processes. It's about cross-organisation policy and infrastructure rather than a specific tool or domain.","Research Software Engineers who attend this workshop will crowdsource priorities and good practice for conducting audits that can support risk-mitigation and funding applications for different types of Compute and Data infrastructures. This work is supported by UKRI, who will be attending the session.

In early 2025, UKRI’s Digital Research Infrastructure (DRI) Programme asked the Software Sustainability Institute to conduct a scoping study on the ‘critical software’ for its compute and data infrastructure investments. We interviewed 6 infrastructures and conducted focus groups with the wider DRI staff and user community.

Findings indicated a range of risks to critical software, as well as the benefits of conducting audits on infrastructures to help identify risks and plan for their mitigation. While many of the infrastructures we spoke to had some form of auditing process, we found that audit processes could be better integrated into workflows, with the right support. 

In this workshop, we will first present our research findings, hear from UKRI DRI and from ‘audit experts’. We will then break into groups (in person and online) to discuss what should be included in audits for different infrastructures, how best to conduct them, and set priorities for implementation. 

Outputs from this workshop will feed into SSI’s work with UKRI DRI in developing new auditing practices.

The UKRI DRI programme team are keen to hear the views of the RSE community, and your early support in this session can help steer this process to the benefit of your work!"
2025,1066734,115,Developing the GOTO Telescope Control System,Poster & Lightning Talk,Research,Software,High,"This is a domain-specific software system built for astronomical observation (gravitational-wave optical transient detection), purpose-built for a particular scientific need.","The Gravitational-wave Optical Transient Observer (GOTO) is an astronomical survey project utilising a network of robotic telescopes to monitor the night sky from two sites: La Palma in the Canary Islands and Siding Spring Observatory in Australia. The GOTO Telescope Control System (G‐TeCS) is a custom robotic control system, written predominantly in Python, which autonomously manages the telescope hardware and nightly operations, as well as directing the overall observing strategy of the network. Development of the control system begun prior to the commissioning of the first GOTO prototype on La Palma in 2017, and continued through the expansion of the La Palma site in 2021 and the addition of the Australian site in 2023.
At the sites, each telescope is automated by G-TeCS through a master control program (the “pilot”), which monitors and sends commands to the hardware daemons that interface with each part of the telescope hardware (cameras, mount, dome, etc). The pilot has robust systems for monitoring external conditions to ensure the safety of the telescopes in bad weather, as well as routines to attempt recovery of the hardware should any errors occur.
Also part of G-TeCS is the central alert monitoring and scheduling system, which is hosted at Warwick University in the UK. The G-TeCS “sentinel” listens to alert streams from different astrophysical detectors and processes any new alerts into targets for the GOTO telescopes. These are then sent out to the sites by the “scheduler” system, which also monitors the telescopes and determines what they should observe between alerts.
Here we will give a brief overview of the GOTO project and the G-TeCS software, focusing on the RSE involvement and outlining the future work planned over the next two years."
2025,1066737,116,A Curated Collection of Software Quality Tools for Research: Insights from the EVERSE Technology Watch,Talk,Software,Community,Medium,"A curated collection of general-purpose research software quality tools, cross-cutting across domains, focused on software engineering practices and FAIRness. Has community/profession aspects via EVERSE network.","This work developed as part of the EVERSE - European Virtual Network for Research Software Excellence project, presents an initial curated collection of research software quality tools captured in the EVERSE Technology Watch. This includes a diverse set of research software quality tools, accompanied by key metadata outlining quality indicators and dimensions.These tools have been specifically selected to align with, adapt to, and extend the needs of various research communities, offering a comprehensive resource for improving software quality in research environments. Together with the EVERSE RSQKit, this collection aims to provide researchers and software engineers with an organised repository of information to evaluate and adopt tools to support and FAIRness within scientific research communities.
The ongoing development of this resource will continue to incorporate new tools and insights, supporting the evolving landscape of research software quality."
2025,1064459,66,HPCRSE@RSECon25: 4th annual meeting of the HPC RSE community,Birds of a Feather,Community,Software,High,"This is a SIG meeting focused on the HPC RSE community, peer support, networking, career progression, and community organisation, though it includes technical HPC topics as well.","This event is organised by the HPC RSE Special Interest Group (SIG) to bring together the community of RSEs working in High Performance Computing (HPC) and Digital Research Infrastructure (DRI). The community covers a range of RSE roles from development of research software to support of HPC facilities, providing support to researchers. Our objectives are to provide peer support across the RSE HPC community, share experience and best practice, foster an open, self-sustaining community,  collaborate with other, associated communities and organisations and give the community an opportunity to steer the activities of the SIG.
The aims of the event are to share knowledge about the current “state-of-the-nation” in (UK) HPC, discuss topics of interest in the community, understand community priorities and needs and identify actions the SIG can take to address them. We aim to create a forum for network building and provide peer support to HPC RSEs: particularly those new to the HPC area and those working without support from a large RSE group.
The event is split into two sessions: technical and training/community. Each session starts with two short presentations for setting the scene, followed by a panel discussion. Presentations can consist of talks and/or live demos that demonstrate how HPC RSEs are supporting research excellence. Based on discussions in previous events, we have identified the following topics of particular interest, but the discussion will be driven by the attendees on the day (both online and in person). Technical topics: technological developments (e.g. new accelerator technology, exascale, new service), open source tools and libraries, environmental impact of HPC and HPC in TREs.  Training/community topics: training for RSEs, HPC RSE career progression/skills, community organisation and sustainability."
2025,1066741,117,From demos to dependability: Practical evaluation strategies for AI applications,Talk,Software,N/A,High,"This talk is about cross-cutting evaluation strategies for AI/LLM applications, applicable broadly to RSEs across domains. It's a software engineering practice talk, not domain-specific.","The advent of Generative AI has transformed how we build AI models and software, but the speed we gain comes at a cost. Large language models (LLMs) let us add ""intelligence"" to an app in minutes, yet most prototypes stall before production because no one trusts their behaviour. We trace the shift from the traditional data-first, then model pipeline to today’s app-first, then API workflow and explain why it leaves teams blind, often without benchmark datasets or KPIs to judge performance.
The talk presents ways Research Software Engineers can close this gap by making evaluation a first-class citizen. We survey three families of evaluation for AI applications: manual prototypes, data-gathering tools, and synthetic benchmark generation, giving an overview of the field. We do a deep dive into the latest research and reflect on lessons learned over the past few years. To ground the theory, we walk through concrete examples from our own projects.
Attendees will leave with practical insights for matching evaluation strategy to project maturity, regulatory constraints, and available resources. Evaluation has become the critical bottleneck and RSEs are uniquely placed to turn it into an enabler for reproducible, sustainable science."
2025,1065716,86,Geoscience SIG Inaugural Meeting: sharing knowledge and building bridges across the geoscience community.,Birds of a Feather,Community,Research,High,"This is the inaugural meeting of a Special Interest Group focused on community building, networking, and career pathways within the geoscience RSE community. While it concerns a specific domain (geoscience), the focus is on people, profession, and community-building rather than a specific software tool or research workflow.","Following the successful Weather and Climate Birds of a Feather session at RSECon24, the Geoscience Special Interest Group (SIG) was formed, with over 100 RSEs signed up to our slack space. The geoscience RSE community consists of many RSEs working across the various fields of geoscience, spanning, among others, climate, weather, space science, geology and oceanography. 
In last year’s session, the needs and interests of this community were discussed. Those identified included a need for opportunities to share knowledge between organisations, break down silos and collaborate as well as interest in developing better guidance on career pathways.
As the inaugural hybrid meeting of the newly formed Geoscience SIG, we propose a BoF event to address these interests, aiming to build this community by bringing together RSEs from across the fields to network and facilitate knowledge exchange. This session is open to any RSEs working in or interested in geoscience and will feature keynotes from Bryan Lawrence (NCAS) & Andrea Sharpe (NERC), lightning talks on technical topics from within the community, breakout sessions to discuss community-driven topics (such as careers and building domain knowledge) and a session on the next steps for the SIG."
2025,1066932,136,EBI Search: Engineering and Sustaining Metadata Infrastructure for Life Sciences,Poster & Lightning Talk,Research,Software,Medium,"This is about a search/metadata infrastructure purpose-built for life sciences (EMBL-EBI biological data). It's a domain-specific tool, fitting Research category, though it has heavy software engineering content.","EBI Search indexes over 6.5 billion biological records across more than 170 datasets, providing the core metadata infrastructure behind EMBL-EBI’s discovery tools. It supports over 2.3 billion requests annually and enables unified search across biological data from both EMBL-EBI and external resources.
This poster presents an architectural overview of the EBI Search infrastructure and the engineering strategies used to sustain and evolve the system under increasing data volumes and user demands. These strategies include nightly parallel indexing pipelines, index partitioning to bypass Lucene's document limit, and API optimisations supporting faceted queries and bulk streaming across 2TB of data.
We explore how the team behind EBI Search balances competing requirements while maintaining an infrastructure with nearly two decades of continuous operation: optimising performance while ensuring reliability, expanding functionality without impacting backward compatibility, and delivering consistent performance across diverse data formats. 
Through this case study of EBI Search, we reflect on how targeted engineering decisions create lasting research infrastructure, connecting scientists with the data essential for breakthrough biological discoveries."
2025,1141665,166,From Research Prototype to Real-World Impact with Nuvolos:  Reproducibility and Collaboration at Scale,Talk,Software,N/A,High,"This describes a general-purpose cloud computational workspace platform serving RSEs across domains, focused on reproducibility, collaboration, and infrastructure management.","RSEs work at the intersection of research and software engineering, combining domain expertise with technical skill to deliver reproducible science. But too much of that time is swallowed by fixing broken dependencies, rebuilding environments for each project, and keeping infrastructure running. Nuvolos takes on the heavy computational lifting, provisioning, scaling, and managing compute, so RSEs can focus on the science itself.
Nuvolos is a seamlessly integrated, powerful, and collaborative cloud‑based computational workspace. It removes operational friction, simplifies software setup, and ensures computational environments are instantly available,  anywhere, through a browser.
Designed with the evolving needs of the RSE community in mind, Nuvolos reflects shared values that drive sustainable, high‑impact research:
Empowerment – Instant access to tools like Python, R, Julia, MATLAB, Stata, any IDE, backed by scalable CPU & GPU compute.
Reproducibility & Rigor – Full versioning ensures every experiment can be trusted, verified, and built upon.
Collaboration & Accessibility – Seamless teamwork across institutions with shared, browser‑based access to computational resources.
Sustainability & Reusability – Maintainable code, reusable workflows, and preserved datasets extend research impact beyond a single project.
Community Contribution – Support for open science practices, helping RSEs share tools, methods, and results with the wider community.
Innovation & Agility – Continuous integration of the latest frameworks, from TensorFlow and PyTorch to AlphaFold,  keeps research on the cutting edge.
Simplicity & Control – Backend complexity is managed for you, while you retain full control over projects and environments.
Nuvolos is more than a platform. It is a partner in advancing science that is sustainable, reproducible, and openly shared, helping the RSE community work more productively, collaboratively, and with lasting impact."
2025,1141782,167,How to build a project team: experiences from the Turing,Talk,Community,N/A,High,"Talk about managing and staffing RSE teams at the Turing Institute, focused on people and team organization rather than tools or specific research.","Research Software Engineers can be asked to work on a very wide range of projects. These project vary in many different ways, such as the number of people involved, the duration, whether they are fully internal to an organisation or working with external partners, or how much they are shaped by the RSEs. The requirements for RSEs can vary significantly too, meaning that identifying the optimum team for any given project can be challenging.
The Research Engineering Group at the Alan Turing Institute has approximately 40 people with a range of different skills (RSEs, Research Data Scientists, Research Computer Engineers, Data Wranglers). As a team we provide software engineering expertise to many of the projects that the Turing is working on. Over the past 5 years, there have been several changes in how we work. The team has grown significantly in size, and the Turing has gone through a transition from most projects being stand-alone to a mission based vision with a stronger focus on effective real-world impact. In the earlier phase, REG members would typically work on a couple of projects at a time, and they would change at least one of these projects relatively frequently. Under the new setup, team members typically only work on one mission at a time, often for much longer time periods.
This transition has created many opportunities, but also some challenges in how we work both as a team and individually. In this talk, we consider some of the lessons learned from this transition, and  how they can be applied to RSE teams more generally when staffing projects."
2025,1145406,168,"Loome: Empowering research teams with scalable, secure cloud resources",Talk,Software,N/A,High,"Loome is a general-purpose cloud management platform for research teams, abstracting cloud complexity. It's cross-cutting infrastructure, not domain-specific.","Public cloud offers a huge range of services to choose from, many of which can be valuable research tools. Choosing, deploying and using these tools can be complex and overwhelming. How can research teams be offered choice without unnecessary complexity, opening equitable access to cloud to all, regardless of your background and expertise.
This session will provide a walkthrough of the Loome platform from a research team’s perspective, a cloud management layer implemented in Microsoft Azure to abstract unnecessary complexities away from research end-users whilst providing governance and control for IT teams."
2025,1139821,164,Paths for impactful software: or how to keep research and scientific software relevant for tomorrow.,Talk,Community,Software,Medium,"This is a keynote about sustaining open-source scientific computing projects, focused on the broader profession, ecosystem, and community-building rather than a specific tool or research domain.","Tania Allard is the CEO of Impact at Quansight, where she leads efforts to sustain and grow critical open-source scientific computing projects. She is a renowned advocate for open science, open source, and ethical AI, with extensive experience in research software engineering, data science, and community building. With expertise spanning industry leadership and academic roles, she bridges the gap between industry and open source, driven by her passion for education, collaboration, and inclusivity."
2025,1139831,165,The power of recognition: what RSEs can teach the research sector.,Talk,Community,N/A,High,"This talk is about the RSE profession, recognition, community-building, and the Hidden REF campaign — clearly about people and the profession.","Simon Hettrick is Director of Strategy at the Software Sustainability Institute and a Director of the Southampton Research Software Group. A pioneer of the Research Software Engineer (RSE) movement, he devised the campaign that grew the RSE community from a handful of people in 2013 to a worldwide community in the present day. He was the first Chair of the UK RSE Association and a founding trustee of the Society of Research Software Engineering. Simon used his experience with RSEs to create the Hidden REF: a campaign to recognise every output and every role that makes research possible."
2025,1148053,169,Running a local RSE call for proposals,Talk,Community,N/A,High,"This talk is about a profession-wide initiative at a university to broaden RSE engagement through a call for proposals — about RSE service delivery, engagement, and process across disciplines, not a specific tool or research domain.","In this talk we present a call for proposals at the University of Sheffield aimed at broadening engagement across disciplines. Run in collaboration with our colleagues in the Data Analytics team it provided research active staff with access to up to six months of RSE expertise. The call launched in 2024 and ran again in 2025.
We describe the structure of the call, its target audience, application content and selection process and criteria. Data from the two calls will be presented alongside an assessment of their outcome and a discussion of the lessons learned from their implementation."
2025,1059291,31,flowR: Program Slicing and Dependency Analysis to Improve the Reuse of R Scripts,Talk,Software,N/A,High,"flowR is a general-purpose program slicer/dataflow analyzer for R scripts, applicable across domains to improve reproducibility and reuse — a cross-cutting tool for RSEs.","A program slicer reduces a program to only the parts relevant to a certain variable of interest like a visualization or a statistical test. This way, a slice is usually a much smaller script that is easier to understand, has fewer dependencies, and focuses only on the analysis of interest.Such slices can be beneficial for both reviewers, trying to understand and validate the methodology, and authors wishing to reuse and reproduce existing analyses. Even if the original script is not executable due to missing dependencies, a slice that does not rely on them can be executed and reused independently.In our talk, we introduce flowR, a novel program slicer and dataflow analyzer for R, alongside its Visual Studio Code extension and RStudio addin which allow users to interactively slice their scripts directly from their IDE.To calculate slices and the dependency information, flowR uses a pipeline architecture that first parses the R code into an abstract syntax tree, which is subsequently normalized into a version-independent intermediate representation.Based on this representation, flowR uses an interprocedural dataflow analysis to construct a static dataflow graph of the entire script.This graph describes the dependencies of variables and function calls, compensating for the inherently dynamic nature of R.A program slice is essentially the subgraph that is reachable from the variable of interest.
Besides slicing, we also provide a dependency view of the entire analysis script which shows the inputs, sourced files, required libraries, and produced outputs to help users find and understand the important parts and required inputs."
